state,year,annemp,lnths,admico_2,admico_1,admico0,admico1,admico2,admico3,mico4,adoption_first_year,adoption,year_since_adoption,after
11,79,415900,6.4297194480896,0,0,0,0,1,0,0,Inf,0,-Inf,FALSE
11,80,418300,6.251904010772705,0,0,0,0,0,1,0,Inf,0,-Inf,FALSE
11,81,419200,6.104793071746826,0,0,0,0,0,0,1,Inf,0,-Inf,FALSE
11,82,415500,6.10924768447876,0,0,0,0,0,0,1,Inf,0,-Inf,FALSE
11,83,425000,6.115891933441162,0,0,0,0,0,0,1,Inf,0,-Inf,FALSE
11,84,445700,6.824373722076416,0,0,0,0,0,0,1,Inf,0,-Inf,FALSE
11,85,458400,7.357556343078613,0,0,0,0,0,0,1,Inf,0,-Inf,FALSE
11,86,477400,7.504941940307617,0,0,0,0,0,0,1,Inf,0,-Inf,FALSE
11,87,501100,7.736743450164795,0,0,0,0,0,0,1,Inf,0,-Inf,FALSE
11,88,527100,7.77821159362793,0,0,0,0,0,0,1,Inf,0,-Inf,FALSE
11,89,541800,7.9919304847717285,0,0,0,0,0,0,1,Inf,0,-Inf,FALSE
11,90,534900,8.14583969116211,0,0,0,0,0,0,1,Inf,0,-Inf,FALSE
11,91,513400.03125,8.024862289428711,0,0,0,0,0,0,1,Inf,0,-Inf,FALSE
11,92,511900,8.21824836730957,0,0,0,0,0,0,1,Inf,0,-Inf,FALSE
11,93,519400.03125,8.513988494873047,0,0,0,0,0,0,1,Inf,0,-Inf,FALSE
11,94,531600,8.883502006530762,0,0,0,0,0,0,1,Inf,0,-Inf,FALSE
11,95,538200,8.86967945098877,0,0,0,0,0,0,1,Inf,0,-Inf,FALSE
12,79,378500,6.620073318481445,0,0,0,0,0,0,0,88,0,-9,FALSE
12,80,385400,7.467370986938477,0,0,0,0,0,0,0,88,0,-8,FALSE
12,81,394600,7.033506393432617,0,0,0,0,0,0,0,88,0,-7,FALSE
12,82,394400,7.086738109588623,0,0,0,0,0,0,0,88,0,-6,FALSE
12,83,409500,6.856462001800537,0,0,0,0,0,0,0,88,0,-5,FALSE
12,84,441500,7.153833866119385,0,0,0,0,0,0,0,88,0,-4,FALSE
12,85,466000,7.51479959487915,0,0,0,0,0,0,0,88,0,-3,FALSE
12,86,490100,7.877017974853516,1,0,0,0,0,0,0,88,0,-2,FALSE
12,87,512800,7.767263889312744,0,1,0,0,0,0,0,88,0,-1,FALSE
12,88,529000,8.1942291259765625,0,0,1,0,0,0,0,88,1,0,FALSE
12,89,529100,8.189244270324707,0,0,0,1,0,0,0,88,1,1,TRUE
12,90,508000,8.02747631072998,0,0,0,0,1,0,0,88,1,2,TRUE
12,91,482100,7.886081218719482,0,0,0,0,0,1,0,88,1,3,TRUE
12,92,487000,8.494129180908203,0,0,0,0,0,0,1,88,1,4,TRUE
12,93,502400,9.336267471313477,0,0,0,0,0,0,1,88,1,5,TRUE
12,94,523099.96875,9.47485637664795,0,0,0,0,0,0,1,88,1,6,TRUE
12,95,539700,9.465137481689453,0,0,0,0,0,0,1,88,1,7,TRUE
13,79,197900,3.9120230674743652,0,0,0,0,0,0,0,85,0,-6,FALSE
13,80,200100,3.9120230674743652,0,0,0,0,0,0,0,85,0,-5,FALSE
13,81,204300,5.164785861968994,0,0,0,0,0,0,0,85,0,-4,FALSE
13,82,202900,5.164785861968994,0,0,0,0,0,0,0,85,0,-3,FALSE
13,83,206400,5.164785861968994,1,0,0,0,0,0,0,85,0,-2,FALSE
13,84,214900,5.164785861968994,0,1,0,0,0,0,0,85,0,-1,FALSE
13,85,224700,5.697093486785889,0,0,1,0,0,0,0,85,1,0,FALSE
13,86,234400,5.89164400100708,0,0,0,1,0,0,0,85,1,1,TRUE
13,87,245600,6.553933620452881,0,0,0,0,1,0,0,85,1,2,TRUE
13,88,256100,6.672032833099365,0,0,0,0,0,1,0,85,1,3,TRUE
13,89,261799.984375,6.656726360321045,0,0,0,0,0,0,1,85,1,4,TRUE
13,90,257500,6.864847660064697,0,0,0,0,0,0,1,85,1,5,TRUE
13,91,248900,6.945051193237305,0,0,0,0,0,0,1,85,1,6,TRUE
13,92,251000,7.2225661277771,0,0,0,0,0,0,1,85,1,7,TRUE
13,93,257200.015625,7.507689952850342,0,0,0,0,0,0,1,85,1,8,TRUE
13,94,263800,7.654443264007568,0,0,0,0,0,0,1,85,1,9,TRUE
13,95,270000,7.594884395599365,0,0,0,0,0,0,1,85,1,10,TRUE
14,79,2603500,9.690542221069336,0,0,0,0,0,0,0,88,0,-9,FALSE
14,80,2654300,9.722624778747559,0,0,0,0,0,0,0,88,0,-8,FALSE
14,81,2671800,9.774004936218262,0,0,0,0,0,0,0,88,0,-7,FALSE
14,82,2642000,9.812686920166016,0,0,0,0,0,0,0,88,0,-6,FALSE
14,83,2696500,9.629510879516602,0,0,0,0,0,0,0,88,0,-5,FALSE
14,84,2855800,9.769956588745117,0,0,0,0,0,0,0,88,0,-4,FALSE
14,85,2930000,10.141756057739258,0,0,0,0,0,0,0,88,0,-3,FALSE
14,86,2988800,10.185465812683105,1,0,0,0,0,0,0,88,0,-2,FALSE
14,87,3065800,10.333222389221191,0,1,0,0,0,0,0,88,0,-1,FALSE
14,88,3130800,10.657682418823242,0,0,1,0,0,0,0,88,1,0,FALSE
14,89,3108600,10.670303344726563,0,0,0,1,0,0,0,88,1,1,TRUE
14,90,2984800,10.441033363342285,0,0,0,0,1,0,0,88,1,2,TRUE
14,91,2821200,10.385327339172363,0,0,0,0,0,1,0,88,1,3,TRUE
14,92,2795100,10.459324836730957,0,0,0,0,0,0,1,88,1,4,TRUE
14,93,2840200,10.663568496704102,0,0,0,0,0,0,1,88,1,5,TRUE
14,94,2903800,10.764963150024414,0,0,0,0,0,0,1,88,1,6,TRUE
14,95,2976600,10.876309394836426,0,0,0,0,0,0,1,88,1,7,TRUE
15,79,400000,7.383989334106445,0,0,0,0,0,0,0,Inf,0,-Inf,FALSE
15,80,398300,7.37211799621582,0,0,0,0,0,0,0,Inf,0,-Inf,FALSE
15,81,401400,7.627544403076172,0,0,0,0,0,0,0,Inf,0,-Inf,FALSE
15,82,390500,7.540621757507324,0,0,0,0,0,0,0,Inf,0,-Inf,FALSE
15,83,396300,7.252053737640381,0,0,0,0,0,0,0,Inf,0,-Inf,FALSE
15,84,416400,7.875879287719727,0,0,0,0,0,0,0,Inf,0,-Inf,FALSE
15,85,429200,8.1670684814453125,0,0,0,0,0,0,0,Inf,0,-Inf,FALSE
15,86,442500,8.201385498046875,0,0,0,0,0,0,0,Inf,0,-Inf,FALSE
15,87,451900,8.229511260986328,0,0,0,0,0,0,0,Inf,0,-Inf,FALSE
15,88,459400,8.73439884185791,0,0,0,0,0,0,0,Inf,0,-Inf,FALSE
15,89,461900,8.375629425048828,0,0,0,0,0,0,0,Inf,0,-Inf,FALSE
15,90,451200,8.349957466125488,0,0,0,0,0,0,0,Inf,0,-Inf,FALSE
15,91,421500,8.333991050720215,0,0,0,0,0,0,0,Inf,0,-Inf,FALSE
15,92,424800,8.3966064453125,0,0,0,0,0,0,0,Inf,0,-Inf,FALSE
15,93,430000,9.0082244873046875,0,0,0,0,0,0,0,Inf,0,-Inf,FALSE
15,94,434200,9.407386779785156,0,0,0,0,0,0,0,Inf,0,-Inf,FALSE
15,95,440100,9.483492851257324,0,0,0,0,0,0,0,Inf,0,-Inf,FALSE
16,79,1398000,9.027978897094727,0,0,0,0,0,0,0,85,0,-6,FALSE
16,80,1426800,9.034676551818848,0,0,0,0,0,0,0,85,0,-5,FALSE
16,81,1438300,9.076237678527832,0,0,0,0,0,0,0,85,0,-4,FALSE
16,82,1428500,8.905986785888672,0,0,0,0,0,0,0,85,0,-3,FALSE
16,83,1444200,8.8359375,1,0,0,0,0,0,0,85,0,-2,FALSE
16,84,1517300,9.51229476928711,0,1,0,0,0,0,0,85,0,-1,FALSE
16,85,1558200,9.717398643493652,0,0,1,0,0,0,0,85,1,0,FALSE
16,86,1598400,9.633841514587402,0,0,0,1,0,0,0,85,1,1,TRUE
16,87,1638200,9.770298957824707,0,0,0,0,1,0,0,85,1,2,TRUE
16,88,1667400,9.87960433959961,0,0,0,0,0,1,0,85,1,3,TRUE
16,89,1665600,9.790095329284668,0,0,0,0,0,0,1,85,1,4,TRUE
16,90,1623500,9.699472427368164,0,0,0,0,0,0,1,85,1,5,TRUE
16,91,1555200,9.495594024658203,0,0,0,0,0,0,1,85,1,6,TRUE
16,92,1526200,9.420681953430176,0,0,0,0,0,0,1,85,1,7,TRUE
16,93,1531100,9.986172676086426,0,0,0,0,0,0,1,85,1,8,TRUE
16,94,1543700,9.896965980529785,0,0,0,0,0,0,1,85,1,9,TRUE
16,95,1561500,9.982529640197754,0,0,0,0,0,0,1,85,1,10,TRUE
21,79,7179400,10.84024715423584,0,0,0,0,0,0,0,82,0,-3,FALSE
21,80,7207100,10.801145553588867,1,0,0,0,0,0,0,82,0,-2,FALSE
21,81,7287300,10.758859634399414,0,1,0,0,0,0,0,82,0,-1,FALSE
21,82,7254600,10.82420825958252,0,0,1,0,0,0,0,82,1,0,FALSE
21,83,7313300,10.882095336914063,0,0,0,1,0,0,0,82,1,1,TRUE
21,84,7570400,11.008131980895996,0,0,0,0,1,0,0,82,1,2,TRUE
21,85,7751300,11.13448715209961,0,0,0,0,0,1,0,82,1,3,TRUE
21,86,7907900,11.190403938293457,0,0,0,0,0,0,1,82,1,4,TRUE
21,87,8059400,11.256715774536133,0,0,0,0,0,0,1,82,1,5,TRUE
21,88,8186900,11.4174165725708,0,0,0,0,0,0,1,82,1,6,TRUE
21,89,8246800,11.445791244506836,0,0,0,0,0,0,1,82,1,7,TRUE
21,90,8212400.5,11.40614128112793,0,0,0,0,0,0,1,82,1,8,TRUE
21,91,7886700,11.220887184143066,0,0,0,0,0,0,1,82,1,9,TRUE
21,92,7729900,11.295391082763672,0,0,0,0,0,0,1,82,1,10,TRUE
21,93,7752000,11.576894760131836,0,0,0,0,0,0,1,82,1,11,TRUE
21,94,7818700,11.62846565246582,0,0,0,0,0,0,1,82,1,12,TRUE
21,95,7872300,11.708212852478027,0,0,0,0,0,0,1,82,1,13,TRUE
22,79,3027200,9.6101226806640625,0,0,0,0,0,0,0,85,0,-6,FALSE
22,80,3060400,9.691160202026367,0,0,0,0,0,0,0,85,0,-5,FALSE
22,81,3098900,9.769956588745117,0,0,0,0,0,0,0,85,0,-4,FALSE
22,82,3092700,9.695171356201172,0,0,0,0,0,0,0,85,0,-3,FALSE
22,83,3165100,9.73760986328125,1,0,0,0,0,0,0,85,0,-2,FALSE
22,84,3329200,10.077609062194824,0,1,0,0,0,0,0,85,0,-1,FALSE
22,85,3414100,10.163734436035156,0,0,1,0,0,0,0,85,1,0,FALSE
22,86,3488100,10.171719551086426,0,0,0,1,0,0,0,85,1,1,TRUE
22,87,3576300,10.373428344726563,0,0,0,0,1,0,0,85,1,2,TRUE
22,88,3651000,10.431612968444824,0,0,0,0,0,1,0,85,1,3,TRUE
22,89,3689800,10.388656616210938,0,0,0,0,0,0,1,85,1,4,TRUE
22,90,3635100,10.303470611572266,0,0,0,0,0,0,1,85,1,5,TRUE
22,91,3498700,10.286672592163086,0,0,0,0,0,0,1,85,1,6,TRUE
22,92,3457900,10.356122016906738,0,0,0,0,0,0,1,85,1,7,TRUE
22,93,3493100,10.651407241821289,0,0,0,0,0,0,1,85,1,8,TRUE
22,94,3552800,10.806024551391602,0,0,0,0,0,0,1,85,1,9,TRUE
22,95,3600700,10.910660743713379,0,0,0,0,0,0,1,85,1,10,TRUE
23,79,4806100,9.951419830322266,0,0,0,0,0,0,0,Inf,0,-Inf,FALSE
23,80,4753100,9.914971351623535,0,0,0,0,0,0,0,Inf,0,-Inf,FALSE
23,81,4728900,9.758230209350586,0,0,0,0,0,0,0,Inf,0,-Inf,FALSE
23,82,4580100,9.787739753723145,0,0,0,0,0,0,0,Inf,0,-Inf,FALSE
23,83,4524300,9.672311782836914,0,0,0,0,0,0,0,Inf,0,-Inf,FALSE
23,84,4654800,10.095099449157715,0,0,0,0,0,0,0,Inf,0,-Inf,FALSE
23,85,4730300,10.165928840637207,0,0,0,0,0,0,0,Inf,0,-Inf,FALSE
23,86,4790900,10.172101020812988,0,0,0,0,0,0,0,Inf,0,-Inf,FALSE
23,87,4915100,10.37813663482666,0,0,0,0,0,0,0,Inf,0,-Inf,FALSE
23,88,5041700,10.576228141784668,0,0,0,0,0,0,0,Inf,0,-Inf,FALSE
23,89,5138500,10.62047290802002,0,0,0,0,0,0,0,Inf,0,-Inf,FALSE
23,90,5170100,10.622984886169434,0,0,0,0,0,0,0,Inf,0,-Inf,FALSE
23,91,5083700,10.666184425354004,0,0,0,0,0,0,0,Inf,0,-Inf,FALSE
23,92,5075500,10.779394149780273,0,0,0,0,0,0,0,Inf,0,-Inf,FALSE
23,93,5122800,10.983240127563477,0,0,0,0,0,0,0,Inf,0,-Inf,FALSE
23,94,5192400,11.047965049743652,0,0,0,0,0,0,0,Inf,0,-Inf,FALSE
23,95,5253100,11.101250648498535,0,0,0,0,0,0,0,Inf,0,-Inf,FALSE
31,79,4484800,9.814765930175781,0,0,0,0,0,0,0,82,0,-3,FALSE
31,80,4367400,9.731868743896484,1,0,0,0,0,0,0,82,0,-2,FALSE
31,81,4317700,9.58973503112793,0,1,0,0,0,0,0,82,0,-1,FALSE
31,82,4124299.75,9.769956588745117,0,0,1,0,0,0,0,82,1,0,FALSE
31,83,4092500,9.568154335021973,0,0,0,1,0,0,0,82,1,1,TRUE
31,84,4260200,9.900683403015137,0,0,0,0,1,0,0,82,1,2,TRUE
31,85,4372900,10.177704811096191,0,0,0,0,0,1,0,82,1,3,TRUE
31,86,4471400,10.370675086975098,0,0,0,0,0,0,1,82,1,4,TRUE
31,87,4582600,10.495570182800293,0,0,0,0,0,0,1,82,1,5,TRUE
31,88,4700600,10.765850067138672,0,0,0,0,0,0,1,82,1,6,TRUE
31,89,4817400,10.94025993347168,0,0,0,0,0,0,1,82,1,7,TRUE
31,90,4882300,11.003698348999023,0,0,0,0,0,0,1,82,1,8,TRUE
31,91,4818600,10.983715057373047,0,0,0,0,0,0,1,82,1,9,TRUE
31,92,4847700,11.144394874572754,0,0,0,0,0,0,1,82,1,10,TRUE
31,93,4918300,11.362091064453125,0,0,0,0,0,0,1,82,1,11,TRUE
31,94,5076000,11.559093475341797,0,0,0,0,0,0,1,82,1,12,TRUE
31,95,5221000,11.633380889892578,0,0,0,0,0,0,1,82,1,13,TRUE
32,79,2236300,8.849370956420898,0,0,0,0,0,0,0,87,0,-8,FALSE
32,80,2129500,8.462102890014648,0,0,0,0,0,0,0,87,0,-7,FALSE
32,81,2114400,8.545586585998535,0,0,0,0,0,0,0,87,0,-6,FALSE
32,82,2028000,8.548498153686523,0,0,0,0,0,0,0,87,0,-5,FALSE
32,83,2029500,8.29004192352295,0,0,0,0,0,0,0,87,0,-4,FALSE
32,84,2122300,9.030495643615723,0,0,0,0,0,0,0,87,0,-3,FALSE
32,85,2168600,9.276127815246582,1,0,0,0,0,0,0,87,0,-2,FALSE
32,86,2221800,9.421087265014648,0,1,0,0,0,0,0,87,0,-1,FALSE
32,87,2304900,9.702349662780762,0,0,1,0,0,0,0,87,1,0,FALSE
32,88,2395600,10.184295654296875,0,0,0,1,0,0,0,87,1,1,TRUE
32,89,2479300,10.108874320983887,0,0,0,0,1,0,0,87,1,2,TRUE
32,90,2521900,9.95764446258545,0,0,0,0,0,1,0,87,1,3,TRUE
32,91,2507300,10.008072853088379,0,0,0,0,0,0,1,87,1,4,TRUE
32,92,2554200,10.185352325439453,0,0,0,0,0,0,1,87,1,5,TRUE
32,93,2626900,10.561810493469238,0,0,0,0,0,0,1,87,1,6,TRUE
32,94,2712700,10.629029273986816,0,0,0,0,0,0,1,87,1,7,TRUE
32,95,2786500,10.729109764099121,0,0,0,0,0,0,1,87,1,8,TRUE
33,79,4880000,10.16565990447998,0,0,0,0,0,0,1,Inf,0,-Inf,FALSE
33,80,4850300,10.064074516296387,0,0,0,0,0,0,1,Inf,0,-Inf,FALSE
33,81,4732300,9.82989501953125,0,0,0,0,0,0,1,Inf,0,-Inf,FALSE
33,82,4593300,9.7995147705078125,0,0,0,0,0,0,1,Inf,0,-Inf,FALSE
33,83,4530600,9.919459342956543,0,0,0,0,0,0,1,Inf,0,-Inf,FALSE
33,84,4672300,10.178388595581055,0,0,0,0,0,0,1,Inf,0,-Inf,FALSE
33,85,4755300,10.396078109741211,0,0,0,0,0,0,1,Inf,0,-Inf,FALSE
33,86,4790700,10.429841995239258,0,0,0,0,0,0,1,Inf,0,-Inf,FALSE
33,87,4928300,10.468999862670898,0,0,0,0,0,0,1,Inf,0,-Inf,FALSE
33,88,5097500,10.902923583984375,0,0,0,0,0,0,1,Inf,0,-Inf,FALSE
33,89,5213900,10.934142112731934,0,0,0,0,0,0,1,Inf,0,-Inf,FALSE
33,90,5288300,11.113640785217285,0,0,0,0,0,0,1,Inf,0,-Inf,FALSE
33,91,5231500,11.13492488861084,0,0,0,0,0,0,1,Inf,0,-Inf,FALSE
33,92,5234900,11.263887405395508,0,0,0,0,0,0,1,Inf,0,-Inf,FALSE
33,93,5330500,11.511363983154297,0,0,0,0,0,0,1,Inf,0,-Inf,FALSE
33,94,5462900,11.760199546813965,0,0,0,0,0,0,1,Inf,0,-Inf,FALSE
33,95,5593100,11.809803009033203,0,0,0,0,0,0,1,Inf,0,-Inf,FALSE
34,79,3637100,9.589803695678711,0,1,0,0,0,0,0,80,0,-1,FALSE
34,80,3442800,9.769956588745117,0,0,1,0,0,0,0,80,1,0,FALSE
34,81,3364400,9.1612548828125,0,0,0,1,0,0,0,80,1,1,TRUE
34,82,3193300,9.211639404296875,0,0,0,0,1,0,0,80,1,2,TRUE
34,83,3223100,9.31991195678711,0,0,0,0,0,1,0,80,1,3,TRUE
34,84,3381000,9.972173690795898,0,0,0,0,0,0,1,80,1,4,TRUE
34,85,3561500,10.532095909118652,0,0,0,0,0,0,1,80,1,5,TRUE
34,86,3657300,10.532095909118652,0,0,0,0,0,0,1,80,1,6,TRUE
34,87,3735800,10.516020774841309,0,0,0,0,0,0,1,80,1,7,TRUE
34,88,3819200,10.696887016296387,0,0,0,0,0,0,1,80,1,8,TRUE
34,89,3922300,10.668699264526367,0,0,0,0,0,0,1,80,1,9,TRUE
34,90,3969600,10.628593444824219,0,0,0,0,0,0,1,80,1,10,TRUE
34,91,3891100,10.599081993103027,0,0,0,0,0,0,1,80,1,11,TRUE
34,92,3927400,10.822534561157227,0,0,0,0,0,0,1,80,1,12,TRUE
34,93,4005800,11.177858352661133,0,0,0,0,0,0,1,80,1,13,TRUE
34,94,4146799.75,11.434000968933105,0,0,0,0,0,0,1,80,1,14,TRUE
34,95,4273900,11.645295143127441,0,0,0,0,0,0,1,80,1,15,TRUE
35,79,1960200,9.080345153808594,0,0,0,0,0,0,0,85,0,-6,FALSE
35,80,1938100,8.908424377441406,0,0,0,0,0,0,0,85,0,-5,FALSE
35,81,1923200,8.995784759521484,0,0,0,0,0,0,0,85,0,-4,FALSE
35,82,1866700,8.80926513671875,0,0,0,0,0,0,0,85,0,-3,FALSE
35,83,1867300,8.954415321350098,1,0,0,0,0,0,0,85,0,-2,FALSE
35,84,1949200,9.290721893310547,0,1,0,0,0,0,0,85,0,-1,FALSE
35,85,1983100,9.485392570495605,0,0,1,0,0,0,0,85,1,0,FALSE
35,86,2023900,9.670735359191895,0,0,0,1,0,0,0,85,1,1,TRUE
35,87,2089600.125,9.772695541381836,0,0,0,0,1,0,0,85,1,2,TRUE
35,88,2168500,10.046028137207031,0,0,0,0,0,1,0,85,1,3,TRUE
35,89,2236400,10.074411392211914,0,0,0,0,0,0,1,85,1,4,TRUE
35,90,2291500,10.050483703613281,0,0,0,0,0,0,1,85,1,5,TRUE
35,91,2302000,10.018867492675781,0,0,0,0,0,0,1,85,1,6,TRUE
35,92,2357900,10.148627281188965,0,0,0,0,0,0,1,85,1,7,TRUE
35,93,2412700,10.299003601074219,0,0,0,0,0,0,1,85,1,8,TRUE
35,94,2490800,10.444095611572266,0,0,0,0,0,0,1,85,1,9,TRUE
35,95,2558500,10.566149711608887,0,0,0,0,0,0,1,85,1,10,TRUE
41,79,1767000,9.59301471710205,0,0,0,0,0,0,0,83,0,-4,FALSE
41,80,1770200,9.642512321472168,0,0,0,0,0,0,0,83,0,-3,FALSE
41,81,1761300,8.966611862182617,1,0,0,0,0,0,0,83,0,-2,FALSE
41,82,1707300,8.948455810546875,0,1,0,0,0,0,0,83,0,-1,FALSE
41,83,1718400,8.863332748413086,0,0,1,0,0,0,0,83,1,0,FALSE
41,84,1819800,9.373563766479492,0,0,0,1,0,0,0,83,1,1,TRUE
41,85,1865500,9.519074440002441,0,0,0,0,1,0,0,83,1,2,TRUE
41,86,1892500,10.026501655578613,0,0,0,0,0,1,0,83,1,3,TRUE
41,87,1962500,9.8480806350708,0,0,0,0,0,0,1,83,1,4,TRUE
41,88,2028100,10.080629348754883,0,0,0,0,0,0,1,83,1,5,TRUE
41,89,2086800,10.083890914916992,0,0,0,0,0,0,1,83,1,6,TRUE
41,90,2126700,10.020870208740234,0,0,0,0,0,0,1,83,1,7,TRUE
41,91,2136800,10.10077953338623,0,0,0,0,0,0,1,83,1,8,TRUE
41,92,2184900,10.226838111877441,0,0,0,0,0,0,1,83,1,9,TRUE
41,93,2242700,10.441908836364746,0,0,0,0,0,0,1,83,1,10,TRUE
41,94,2310400,10.619912147521973,0,0,0,0,0,0,1,83,1,11,TRUE
41,95,2378600,10.683385848999023,0,0,0,0,0,0,1,83,1,12,TRUE
42,79,1131700,8.057377815246582,0,0,0,0,0,0,0,87,0,-8,FALSE
42,80,1109900,7.876638412475586,0,0,0,0,0,0,0,87,0,-7,FALSE
42,81,1088600,7.691656589508057,0,0,0,0,0,0,0,87,0,-6,FALSE
42,82,1041900,7.467370986938477,0,0,0,0,0,0,0,87,0,-5,FALSE
42,83,1040400,7.52564001083374,0,0,0,0,0,0,0,87,0,-4,FALSE
42,84,1074700,7.887584209442139,0,0,0,0,0,0,0,87,0,-3,FALSE
42,85,1074200,7.912056922912598,1,0,0,0,0,0,0,87,0,-2,FALSE
42,86,1073800,8.122371673583984,0,1,0,0,0,0,0,87,0,-1,FALSE
42,87,1109100,8.422882080078125,0,0,1,0,0,0,0,87,1,0,FALSE
42,88,1156200,8.456168174743652,0,0,0,1,0,0,0,87,1,1,TRUE
42,89,1200100,8.58541202545166,0,0,0,0,1,0,0,87,1,2,TRUE
42,90,1226300,8.471149444580078,0,0,0,0,0,1,0,87,1,3,TRUE
42,91,1238100,8.562548637390137,0,0,0,0,0,0,1,87,1,4,TRUE
42,92,1252600,9.32821273803711,0,0,0,0,0,0,1,87,1,5,TRUE
42,93,1278600,9.427224159240723,0,0,0,0,0,0,1,87,1,6,TRUE
42,94,1319900,9.519221305847168,0,0,0,0,0,0,1,87,1,7,TRUE
42,95,1358100,9.47891616821289,0,0,0,0,0,0,1,87,1,8,TRUE
43,79,2011100,9.040974617004395,0,0,0,0,0,0,0,83,0,-4,FALSE
43,80,1969800,9.01274299621582,0,0,0,0,0,0,0,83,0,-3,FALSE
43,81,1956300,8.80732250213623,1,0,0,0,0,0,0,83,0,-2,FALSE
43,82,1922400,8.973478317260742,0,1,0,0,0,0,0,83,0,-1,FALSE
43,83,1937000,8.721439361572266,0,0,1,0,0,0,0,83,1,0,FALSE
43,84,2032700,9.100525856018066,0,0,0,1,0,0,0,83,1,1,TRUE
43,85,2094700,9.375685691833496,0,0,0,0,1,0,0,83,1,2,TRUE
43,86,2142600,9.454227447509766,0,0,0,0,0,1,0,83,1,3,TRUE
43,87,2197800,9.577964782714844,0,0,0,0,0,0,1,83,1,4,TRUE
43,88,2258900,9.795790672302246,0,0,0,0,0,0,1,83,1,5,TRUE
43,89,2315000,9.900181770324707,0,0,0,0,0,0,1,83,1,6,TRUE
43,90,2345000,9.89262866973877,0,0,0,0,0,0,1,83,1,7,TRUE
43,91,2309100,9.909022331237793,0,0,0,0,0,0,1,83,1,8,TRUE
43,92,2333700,10.055521965026855,0,0,0,0,0,0,1,83,1,9,TRUE
43,93,2394500,10.242919921875,0,0,0,0,0,0,0,83,1,10,TRUE
43,94,2470500,10.390440940856934,0,0,0,0,0,0,0,83,1,11,TRUE
43,95,2520900,10.440624237060547,0,0,0,0,0,0,0,83,1,12,TRUE
44,79,244200,5.164785861968994,0,0,0,0,0,0,0,84,0,-5,FALSE
44,80,245200,5.164785861968994,0,0,0,0,0,0,0,84,0,-4,FALSE
44,81,249400,3.9120230674743652,0,0,0,0,0,0,0,84,0,-3,FALSE
44,82,249700,3.9120230674743652,1,0,0,0,0,0,0,84,0,-2,FALSE
44,83,250600,4.532599449157715,0,1,0,0,0,0,0,84,0,-1,FALSE
44,84,252500,4.543294906616211,0,0,1,0,0,0,0,84,1,0,FALSE
44,85,252000,5.501258373260498,0,0,0,1,0,0,0,84,1,1,TRUE
44,86,249900,5.713732719421387,0,0,0,0,1,0,0,84,1,2,TRUE
44,87,252800,5.2781147956848145,0,0,0,0,0,1,0,84,1,3,TRUE
44,88,256700.015625,5.940171241760254,0,0,0,0,0,0,1,84,1,4,TRUE
44,89,260400,6.0591230392456055,0,0,0,0,0,0,1,84,1,5,TRUE
44,90,265900,5.897153854370117,0,0,0,0,0,0,1,84,1,6,TRUE
44,91,270600,5.981414318084717,0,0,0,0,0,0,1,84,1,7,TRUE
44,92,277200,5.926926136016846,0,0,0,0,0,0,1,84,1,8,TRUE
44,93,284800,6.322565078735352,0,0,0,0,0,0,1,84,1,9,TRUE
44,94,294900,6.929516792297363,0,0,0,0,0,0,1,84,1,10,TRUE
44,95,301800,6.998509407043457,0,0,0,0,0,0,1,84,1,11,TRUE
45,79,241400,5.164785861968994,0,0,0,0,0,0,0,83,0,-4,FALSE
45,80,238000,4.499809741973877,0,0,0,0,0,0,0,83,0,-3,FALSE
45,81,236000,4.779123306274414,1,0,0,0,0,0,0,83,0,-2,FALSE
45,82,230200,5.2781147956848145,0,1,0,0,0,0,0,83,0,-1,FALSE
45,83,235300,5.517452716827393,0,0,1,0,0,0,0,83,1,0,FALSE
45,84,247000,6.102558612823486,0,0,0,1,0,0,0,83,1,1,TRUE
45,85,249400,6.447305679321289,0,0,0,0,1,0,0,83,1,2,TRUE
45,86,251900,6.513230323791504,0,0,0,0,0,1,0,83,1,3,TRUE
45,87,256900,6.692083835601807,0,0,0,0,0,0,1,83,1,4,TRUE
45,88,266100,6.7604146003723145,0,0,0,0,0,0,1,83,1,5,TRUE
45,89,276000,6.870053291320801,0,0,0,0,0,0,1,83,1,6,TRUE
45,90,288700,6.400257587432861,0,0,0,0,0,0,1,83,1,7,TRUE
45,91,296400,6.120297431945801,0,0,0,0,0,0,1,83,1,8,TRUE
45,92,308700,6.620073318481445,0,0,0,0,0,0,1,83,1,9,TRUE
45,93,318700,6.875232219696045,0,0,0,0,0,0,1,83,1,10,TRUE
45,94,332000,7.467370986938477,0,0,0,0,0,0,1,83,1,11,TRUE
45,95,343500,7.467370986938477,0,0,0,0,0,0,1,83,1,12,TRUE
46,79,631200,7.53529691696167,0,0,0,0,0,0,0,83,0,-4,FALSE
46,80,627600,7.543802738189697,0,0,0,0,0,0,0,83,0,-3,FALSE
46,81,623200,7.526717662811279,1,0,0,0,0,0,0,83,0,-2,FALSE
46,82,609800,7.346010208129883,0,1,0,0,0,0,0,83,0,-1,FALSE
46,83,610800,7.22329568862915,0,0,1,0,0,0,0,83,1,0,FALSE
46,84,635400,7.739359378814697,0,0,0,1,0,0,0,83,1,1,TRUE
46,85,650500,7.893571853637695,0,0,0,0,1,0,0,83,1,2,TRUE
46,86,652500,7.467370986938477,0,0,0,0,0,1,0,83,1,3,TRUE
46,87,667200,8.229511260986328,0,0,0,0,0,0,1,83,1,4,TRUE
46,88,688100,8.583916664123535,0,0,0,0,0,0,1,83,1,5,TRUE
46,89,708000,8.724370002746582,0,0,0,0,0,0,1,83,1,6,TRUE
46,90,730100,8.809713363647461,0,0,0,0,0,0,1,83,1,7,TRUE
46,91,739200,8.94219970703125,0,0,0,0,0,0,1,83,1,8,TRUE
46,92,750100,9.07680892944336,0,0,0,0,0,0,1,83,1,9,TRUE
46,93,767200,9.294957160949707,0,0,0,0,0,0,1,83,1,10,TRUE
46,94,796100,9.337413787841797,0,0,0,0,0,0,1,83,1,11,TRUE
46,95,816400,9.540075302124023,0,0,0,0,0,0,1,83,1,12,TRUE
47,79,946800,7.161622047424316,0,0,0,0,0,0,0,84,0,-5,FALSE
47,80,944700,7.112327575683594,0,0,0,0,0,0,0,84,0,-4,FALSE
47,81,949700,7.041411876678467,0,0,0,0,0,0,0,84,0,-3,FALSE
47,82,921400,7.412160396575928,1,0,0,0,0,0,0,84,0,-2,FALSE
47,83,921600,7.3498735427856445,0,1,0,0,0,0,0,84,0,-1,FALSE
47,84,960800,7.777373790740967,0,0,1,0,0,0,0,84,1,0,FALSE
47,85,967900,7.934155464172363,0,0,0,1,0,0,0,84,1,1,TRUE
47,86,984800,7.982074737548828,0,0,0,0,1,0,0,84,1,2,TRUE
47,87,1005100,8.215006828308105,0,0,0,0,0,1,0,84,1,3,TRUE
47,88,1035400,8.840579986572266,0,0,0,0,0,0,1,84,1,4,TRUE
47,89,1064200,9.023046493530273,0,0,0,0,0,0,1,84,1,5,TRUE
47,90,1088500,8.927181243896484,0,0,0,0,0,0,1,84,1,6,TRUE
47,91,1095400,9.2016019821167,0,0,0,0,0,0,1,84,1,7,TRUE
47,92,1115000,9.166388511657715,0,0,0,0,0,0,1,84,1,8,TRUE
47,93,1133300,9.457512855529785,0,0,0,0,0,0,1,84,1,9,TRUE
47,94,1165800,9.628655433654785,0,0,0,0,0,0,1,84,1,10,TRUE
47,95,1198000,9.758808135986328,0,0,0,0,0,0,1,84,1,11,TRUE
51,79,256700.015625,7.319202423095703,0,0,0,0,0,0,0,Inf,0,-Inf,FALSE
51,80,259200.015625,7.415174961090088,0,0,0,0,0,0,0,Inf,0,-Inf,FALSE
51,81,259200.015625,7.289610385894775,0,0,0,0,0,0,0,Inf,0,-Inf,FALSE
51,82,259200.015625,7.368339538574219,0,0,0,0,0,0,0,Inf,0,-Inf,FALSE
51,83,266100,7.269616603851318,0,0,0,0,0,0,0,Inf,0,-Inf,FALSE
51,84,280000,7.855932235717773,0,0,0,0,0,0,0,Inf,0,-Inf,FALSE
51,85,293400,8.106816291809082,0,0,0,0,0,0,0,Inf,0,-Inf,FALSE
51,86,303200,8.056109428405762,0,0,0,0,0,0,0,Inf,0,-Inf,FALSE
51,87,320700,8.222822189331055,0,0,0,0,0,0,0,Inf,0,-Inf,FALSE
51,88,334200,8.468003273010254,0,0,0,0,0,0,0,Inf,0,-Inf,FALSE
51,89,344500,8.569215774536133,0,0,0,0,0,0,0,Inf,0,-Inf,FALSE
51,90,347600,8.44591236114502,0,0,0,0,0,0,0,Inf,0,-Inf,FALSE
51,91,341800,8.417593955993652,0,0,0,0,0,0,0,Inf,0,-Inf,FALSE
51,92,341300,8.298041343688965,0,0,0,0,0,0,0,Inf,0,-Inf,FALSE
51,93,348600,8.53836727142334,0,0,0,0,0,0,0,Inf,0,-Inf,FALSE
51,94,356000,8.491259574890137,0,0,0,0,0,0,0,Inf,0,-Inf,FALSE
51,95,366400,8.73214340209961,0,0,0,0,0,0,0,Inf,0,-Inf,FALSE
52,79,1691300,8.83608341217041,0,0,0,0,0,0,0,85,0,-6,FALSE
52,80,1711800,8.80926513671875,0,0,0,0,0,0,0,85,0,-5,FALSE
52,81,1715800,8.922124862670898,0,0,0,0,0,0,0,85,0,-4,FALSE
52,82,1675800,8.782169342041016,0,0,0,0,0,0,0,85,0,-3,FALSE
52,83,1724100,8.829957962036133,1,0,0,0,0,0,0,85,0,-2,FALSE
52,84,1814000,9.221675872802734,0,1,0,0,0,0,0,85,0,-1,FALSE
52,85,1887800,9.54987907409668,0,0,1,0,0,0,0,85,1,0,FALSE
52,86,1952000,9.570250511169434,0,0,0,1,0,0,0,85,1,1,TRUE
52,87,2028000,10.064287185668945,0,0,0,0,1,0,0,85,1,2,TRUE
52,88,2102300,9.75562572479248,0,0,0,0,0,1,0,85,1,3,TRUE
52,89,2155200,9.96340560913086,0,0,0,0,0,0,1,85,1,4,TRUE
52,90,2171200,10.007847785949707,0,0,0,0,0,0,1,85,1,5,TRUE
52,91,2099800,9.745488166809082,0,0,0,0,0,0,1,85,1,6,TRUE
52,92,2081300,9.79322624206543,0,0,0,0,0,0,1,85,1,7,TRUE
52,93,2102400,10.11257266998291,0,0,0,0,0,0,1,85,1,8,TRUE
52,94,2145800,10.295934677124023,0,0,0,0,0,0,1,85,1,9,TRUE
52,95,2182700,10.409913063049316,0,0,0,0,0,0,1,85,1,10,TRUE
54,79,2115000,8.767951965332031,0,0,0,0,0,0,0,83,0,-4,FALSE
54,80,2157200,8.826000213623047,0,0,0,0,0,0,0,83,0,-3,FALSE
54,81,2160800,9.068546295166016,1,0,0,0,0,0,0,83,0,-2,FALSE
54,82,2146400,8.996899604797363,0,1,0,0,0,0,0,83,0,-1,FALSE
54,83,2206900,9.102643966674805,0,0,1,0,0,0,0,83,1,0,FALSE
54,84,2333300,9.314790725708008,0,0,0,1,0,0,0,83,1,1,TRUE
54,85,2454700,9.530102729797363,0,0,0,0,1,0,0,83,1,2,TRUE
54,86,2557700,9.61567211151123,0,0,0,0,0,1,0,83,1,3,TRUE
54,87,2680400,9.71872329711914,0,0,0,0,0,0,1,83,1,4,TRUE
54,88,2772500,9.90313720703125,0,0,0,0,0,0,1,83,1,5,TRUE
54,89,2861900,10.008522987365723,0,0,0,0,0,0,1,83,1,6,TRUE
54,90,2896300,10.123546600341797,0,0,0,0,0,0,1,83,1,7,TRUE
54,91,2828900,10.033199310302734,0,0,0,0,0,0,1,83,1,8,TRUE
54,92,2848400,10.265140533447266,0,0,0,0,0,0,1,83,1,9,TRUE
54,93,2918900,10.465015411376953,0,0,0,0,0,0,1,83,1,10,TRUE
54,94,3003600,10.672622680664063,0,0,0,0,0,0,1,83,1,11,TRUE
54,95,3069700,10.82133674621582,0,0,0,0,0,0,1,83,1,12,TRUE
55,79,658600,6.9669671058654785,0,0,0,0,0,0,0,86,0,-7,FALSE
55,80,645900,6.883462429046631,0,0,0,0,0,0,0,86,0,-6,FALSE
55,81,628500,6.985641956329346,0,0,0,0,0,0,0,86,0,-5,FALSE
55,82,607800,6.888572692871094,0,0,0,0,0,0,0,86,0,-4,FALSE
55,83,582300,6.405228614807129,0,0,0,0,0,0,0,86,0,-3,FALSE
55,84,596600,6.865890979766846,1,0,0,0,0,0,0,86,0,-2,FALSE
55,85,597200,7.0166096687316895,0,1,0,0,0,0,0,86,0,-1,FALSE
55,86,597500,7.0003342628479,0,0,1,0,0,0,0,86,1,0,FALSE
55,87,599000,7.344718933105469,0,0,0,1,0,0,0,86,1,1,TRUE
55,88,609800,7.655864238739014,0,0,0,0,1,0,0,86,1,2,TRUE
55,89,614700,8.007699966430664,0,0,0,0,0,1,0,86,1,3,TRUE
55,90,630100,7.95717716217041,0,0,0,0,0,0,1,86,1,4,TRUE
55,91,629100,7.865955352783203,0,0,0,0,0,0,1,86,1,5,TRUE
55,92,640000,7.918628692626953,0,0,0,0,0,0,1,86,1,6,TRUE
55,93,652600,8.124446868896484,0,0,0,0,0,0,1,86,1,7,TRUE
55,94,674600,8.1983642578125,0,0,0,0,0,0,1,86,1,8,TRUE
55,95,687800,8.416709899902344,0,0,0,0,0,0,1,86,1,9,TRUE
56,79,2373000,8.436850547790527,0,0,0,0,0,0,0,Inf,0,-Inf,FALSE
56,80,2380000,8.327967643737793,0,0,0,0,0,0,0,Inf,0,-Inf,FALSE
56,81,2391600,8.434898376464844,0,0,0,0,0,0,0,Inf,0,-Inf,FALSE
56,82,2347000,8.606668472290039,0,0,0,0,0,0,0,Inf,0,-Inf,FALSE
56,83,2419200,8.728263854980469,0,0,0,0,0,0,0,Inf,0,-Inf,FALSE
56,84,2565200,9.103645324707031,0,0,0,0,0,0,0,Inf,0,-Inf,FALSE
56,85,2651200,9.44809627532959,0,0,0,0,0,0,0,Inf,0,-Inf,FALSE
56,86,2744100,9.619531631469727,0,0,0,0,0,0,0,Inf,0,-Inf,FALSE
56,87,2862600,9.880064964294434,0,0,0,0,0,0,0,Inf,0,-Inf,FALSE
56,88,2986600,10.289701461791992,0,0,0,0,0,0,0,Inf,0,-Inf,FALSE
56,89,3073900,10.245089530944824,0,0,0,0,0,0,0,Inf,0,-Inf,FALSE
56,90,3117700,10.330061912536621,0,0,0,0,0,0,0,Inf,0,-Inf,FALSE
56,91,3072200,10.267818450927734,0,0,0,0,0,0,0,Inf,0,-Inf,FALSE
56,92,3125500,10.552316665649414,0,0,0,0,0,0,0,Inf,0,-Inf,FALSE
56,93,3244700,10.81885814666748,0,0,0,0,0,0,0,Inf,0,-Inf,FALSE
56,94,3358900,11.006904602050781,0,0,0,0,0,0,0,Inf,0,-Inf,FALSE
56,95,3459500,11.104791641235352,0,0,0,0,0,0,0,Inf,0,-Inf,FALSE
57,79,1176000,7.685703277587891,0,0,0,0,0,0,0,87,0,-8,FALSE
57,80,1188800,7.77275276184082,0,0,0,0,0,0,0,87,0,-7,FALSE
57,81,1196400,7.749322414398193,0,0,0,0,0,0,0,87,0,-6,FALSE
57,82,1162300,7.681098937988281,0,0,0,0,0,0,0,87,0,-5,FALSE
57,83,1189000,7.901007175445557,0,0,0,0,0,0,0,87,0,-4,FALSE
57,84,1262500,8.34972095489502,0,0,0,0,0,0,0,87,0,-3,FALSE
57,85,1296200,8.584290504455566,1,0,0,0,0,0,0,87,0,-2,FALSE
57,86,1338000,8.762489318847656,0,1,0,0,0,0,0,87,0,-1,FALSE
57,87,1392200,9.01578426361084,0,0,1,0,0,0,0,87,1,0,FALSE
57,88,1449000,9.556692123413086,0,0,0,1,0,0,0,87,1,1,TRUE
57,89,1499700,9.60898208618164,0,0,0,0,1,0,0,87,1,2,TRUE
57,90,1545000,9.826120376586914,0,0,0,0,0,1,0,87,1,3,TRUE
57,91,1513400,9.72220516204834,0,0,0,0,0,0,1,87,1,4,TRUE
57,92,1527700,10.215703964233398,0,0,0,0,0,0,1,87,1,5,TRUE
57,93,1570100,10.179906845092773,0,0,0,0,0,0,1,87,1,6,TRUE
57,94,1607200,10.454927444458008,0,0,0,0,0,0,1,87,1,7,TRUE
57,95,1646100,10.573519706726074,0,0,0,0,0,0,1,87,1,8,TRUE
58,79,2127500,8.951569557189941,0,0,0,0,0,0,0,Inf,0,-Inf,FALSE
58,80,2159400,8.976009368896484,0,0,0,0,0,0,0,Inf,0,-Inf,FALSE
58,81,2198600,8.90150260925293,0,0,0,0,0,0,0,Inf,0,-Inf,FALSE
58,82,2201500,9.06843090057373,0,0,0,0,0,0,0,Inf,0,-Inf,FALSE
58,83,2279500,9.258463859558105,0,0,0,0,0,0,0,Inf,0,-Inf,FALSE
58,84,2448700,9.5891876220703125,0,0,0,0,0,0,0,Inf,0,-Inf,FALSE
58,85,2569800,9.990628242492676,0,0,0,0,0,0,0,Inf,0,-Inf,FALSE
58,86,2672400,10.10032844543457,0,0,0,0,0,0,0,Inf,0,-Inf,FALSE
58,87,2782000,9.92108154296875,0,0,0,0,0,0,0,Inf,0,-Inf,FALSE
58,88,2875900,10.292654037475586,0,0,0,0,0,0,0,Inf,0,-Inf,FALSE
58,89,2941100,10.351532936096191,0,0,0,0,0,0,0,Inf,0,-Inf,FALSE
58,90,2991800,10.485591888427734,0,0,0,0,0,0,0,Inf,0,-Inf,FALSE
58,91,2937500,10.365805625915527,0,0,0,0,0,0,0,Inf,0,-Inf,FALSE
58,92,2987200,10.671185493469238,0,0,0,0,0,0,0,Inf,0,-Inf,FALSE
58,93,3109200,10.88260269165039,0,0,0,0,0,0,0,Inf,0,-Inf,FALSE
58,94,3265900,11.118281364440918,0,0,0,0,0,0,0,Inf,0,-Inf,FALSE
58,95,3402300,11.297216415405273,0,0,0,0,0,0,0,Inf,0,-Inf,FALSE
59,79,3381200,9.861153602600098,0,0,0,0,0,0,0,Inf,0,-Inf,FALSE
59,80,3576200,9.773151397705078,0,0,0,0,0,0,0,Inf,0,-Inf,FALSE
59,81,3736000,9.822603225708008,0,0,0,0,0,0,0,Inf,0,-Inf,FALSE
59,82,3761900,9.87039566040039,0,0,0,0,0,0,0,Inf,0,-Inf,FALSE
59,83,3905400,9.889490127563477,0,0,0,0,0,0,0,Inf,0,-Inf,FALSE
59,84,4204200,10.18572998046875,0,0,0,0,0,0,0,Inf,0,-Inf,FALSE
59,85,4410000,10.728299140930176,0,0,0,0,0,0,0,Inf,0,-Inf,FALSE
59,86,4599400,10.730093955993652,0,0,0,0,0,0,0,Inf,0,-Inf,FALSE
59,87,4848100,10.83415412902832,0,0,0,0,0,0,0,Inf,0,-Inf,FALSE
59,88,5066600,11.217949867248535,0,0,0,0,0,0,0,Inf,0,-Inf,FALSE
59,89,5260900,11.329026222229004,0,0,0,0,0,0,0,Inf,0,-Inf,FALSE
59,90,5387400,11.442106246948242,0,0,0,0,0,0,0,Inf,0,-Inf,FALSE
59,91,5294300,11.55559253692627,0,0,0,0,0,0,0,Inf,0,-Inf,FALSE
59,92,5358700,11.751485824584961,0,0,0,0,0,0,0,Inf,0,-Inf,FALSE
59,93,5571400,12.034839630126953,0,0,0,0,0,0,0,Inf,0,-Inf,FALSE
59,94,5799400,12.258389472961426,0,0,0,0,0,0,0,Inf,0,-Inf,FALSE
59,95,5996100,12.525649070739746,0,0,0,0,0,0,0,Inf,0,-Inf,FALSE
61,79,1245400,8.118505477905273,0,0,0,0,0,0,0,83,0,-4,FALSE
61,80,1210000,7.855156898498535,0,0,0,0,0,0,0,83,0,-3,FALSE
61,81,1196000,7.612831115722656,1,0,0,0,0,0,0,83,0,-2,FALSE
61,82,1160700,7.747165203094482,0,1,0,0,0,0,0,83,0,-1,FALSE
61,83,1152300,8.081475257873535,0,0,1,0,0,0,0,83,1,0,FALSE
61,84,1213800,8.454679489135742,0,0,0,1,0,0,0,83,1,1,TRUE
61,85,1250300,8.659907341003418,0,0,0,0,1,0,0,83,1,2,TRUE
61,86,1274100,8.762489318847656,0,0,0,0,0,1,0,83,1,3,TRUE
61,87,1328200,8.742094993591309,0,0,0,0,0,0,1,83,1,4,TRUE
61,88,1381900,9.123801231384277,0,0,0,0,0,0,1,83,1,5,TRUE
61,89,1433000,9.297710418701172,0,0,0,0,0,0,1,83,1,6,TRUE
61,90,1470500,9.4338836669921875,0,0,0,0,0,0,1,83,1,7,TRUE
61,91,1474700,9.54731273651123,0,0,0,0,0,0,1,83,1,8,TRUE
61,92,1508500,9.698368072509766,0,0,0,0,0,0,1,83,1,9,TRUE
61,93,1547900,9.9920015335083,0,0,0,0,0,0,1,83,1,10,TRUE
61,94,1597200,10.023357391357422,0,0,0,0,0,0,1,83,1,11,TRUE
61,95,1642800,10.04529094696045,0,0,0,0,0,0,1,83,1,12,TRUE
62,79,1777300,8.282735824584961,1,0,0,0,0,0,0,81,0,-2,FALSE
62,80,1746600,8.229511260986328,0,1,0,0,0,0,0,81,0,-1,FALSE
62,81,1755400,8.14496898651123,0,0,1,0,0,0,0,81,1,0,FALSE
62,82,1703000,8.415160179138184,0,0,0,1,0,0,0,81,1,1,TRUE
62,83,1719000,8.713253021240234,0,0,0,0,1,0,0,81,1,2,TRUE
62,84,1812000,8.957897186279297,0,0,0,0,0,1,0,81,1,3,TRUE
62,85,1867800,9.256269454956055,0,0,0,0,0,0,1,81,1,4,TRUE
62,86,1929800,9.769956588745117,0,0,0,0,0,0,1,81,1,5,TRUE
62,87,2011600,9.417841911315918,0,0,0,0,0,0,1,81,1,6,TRUE
62,88,2092100.125,9.987874984741211,0,0,0,0,0,0,1,81,1,7,TRUE
62,89,2167200,10.083222389221191,0,0,0,0,0,0,1,81,1,8,TRUE
62,90,2193200,10.087515830993652,0,0,0,0,0,0,1,81,1,9,TRUE
62,91,2183600,10.20348072052002,0,0,0,0,0,0,1,81,1,10,TRUE
62,92,2245000,10.476554870605469,0,0,0,0,0,0,1,81,1,11,TRUE
62,93,2328500,10.57984447479248,0,0,0,0,0,0,1,81,1,12,TRUE
62,94,2423000,10.729743957519531,0,0,0,0,0,0,1,81,1,13,TRUE
62,95,2499000,10.842869758605957,0,0,0,0,0,0,1,81,1,14,TRUE
63,79,1362000,7.22329568862915,0,0,0,0,0,0,0,87,0,-8,FALSE
63,80,1356100,7.6108527183532715,0,0,0,0,0,0,0,87,0,-7,FALSE
63,81,1347600,7.397561550140381,0,0,0,0,0,0,0,87,0,-6,FALSE
63,82,1312500,7.758760452270508,0,0,0,0,0,0,0,87,0,-5,FALSE
63,83,1328800,7.814399719238281,0,0,0,0,0,0,0,87,0,-4,FALSE
63,84,1387700,8.281723976135254,0,0,0,0,0,0,0,87,0,-3,FALSE
63,85,1427100,8.564840316772461,1,0,0,0,0,0,0,87,0,-2,FALSE
63,86,1463300,8.422662734985352,0,1,0,0,0,0,0,87,0,-1,FALSE
63,87,1507700,8.69013786315918,0,0,1,0,0,0,0,87,1,0,FALSE
63,88,1558700,8.856518745422363,0,0,0,1,0,0,0,87,1,1,TRUE
63,89,1601200,9.072227478027344,0,0,0,0,1,0,0,87,1,2,TRUE
63,90,1635700,9.40112590789795,0,0,0,0,0,1,0,87,1,3,TRUE
63,91,1642000,9.344083786010742,0,0,0,0,0,0,1,87,1,4,TRUE
63,92,1674500,9.743377685546875,0,0,0,0,0,0,1,87,1,5,TRUE
63,93,1716800,10.05663776397705,0,0,0,0,0,0,1,87,1,6,TRUE
63,94,1758500,10.113383293151855,0,0,0,0,0,0,1,87,1,7,TRUE
63,95,1803600,10.421954154968262,0,0,0,0,0,0,1,87,1,8,TRUE
64,79,838100,5.26269006729126,0,0,0,0,0,0,0,Inf,0,-Inf,FALSE
64,80,829300,5.849324703216553,0,0,0,0,0,0,0,Inf,0,-Inf,FALSE
64,81,819100,5.9584245681762695,0,0,0,0,0,0,0,Inf,0,-Inf,FALSE
64,82,790900,6.06145715713501,0,0,0,0,0,0,0,Inf,0,-Inf,FALSE
64,83,792800,6.2304816246032715,0,0,0,0,0,0,0,Inf,0,-Inf,FALSE
64,84,820800,6.620073318481445,0,0,0,0,0,0,0,Inf,0,-Inf,FALSE
64,85,838900,7.019296646118164,0,0,0,0,0,0,0,Inf,0,-Inf,FALSE
64,86,848200,7.1220598220825195,0,0,0,0,0,0,0,Inf,0,-Inf,FALSE
64,87,864400,7.215240001678467,0,0,0,0,0,0,0,Inf,0,-Inf,FALSE
64,88,896200,7.939871788024902,0,0,0,0,0,0,0,Inf,0,-Inf,FALSE
64,89,919300,8.047189712524414,0,0,0,0,0,0,0,Inf,0,-Inf,FALSE
64,90,936600,8.66939926147461,0,0,0,0,0,0,0,Inf,0,-Inf,FALSE
64,91,937500,8.97119426727295,0,0,0,0,0,0,0,Inf,0,-Inf,FALSE
64,92,960300,9.026537895202637,0,0,0,0,0,0,0,Inf,0,-Inf,FALSE
64,93,1002300,9.014933586120605,0,0,0,0,0,0,0,Inf,0,-Inf,FALSE
64,94,1055500,9.278185844421387,0,0,0,0,0,0,0,Inf,0,-Inf,FALSE
64,95,1074500,9.480749130249023,0,0,0,0,0,0,0,Inf,0,-Inf,FALSE
71,79,749400,6.948897361755371,0,0,0,0,0,0,0,84,0,-5,FALSE
71,80,742300,7.044905185699463,0,0,0,0,0,0,0,84,0,-4,FALSE
71,81,740100,7.195937156677246,0,0,0,0,0,0,0,84,0,-3,FALSE
71,82,720100,6.953684329986572,1,0,0,0,0,0,0,84,0,-2,FALSE
71,83,741300,6.989335060119629,0,1,0,0,0,0,0,84,0,-1,FALSE
71,84,780200,7.457609176635742,0,0,1,0,0,0,0,84,1,0,FALSE
71,85,797100,7.653494834899902,0,0,0,1,0,0,0,84,1,1,TRUE
71,86,813800,7.797701835632324,0,0,0,0,1,0,0,84,1,2,TRUE
71,87,836600,7.9405837059021,0,0,0,0,0,1,0,84,1,3,TRUE
71,88,865400,8.859363555908203,0,0,0,0,0,0,1,84,1,4,TRUE
71,89,893400,9.305105209350586,0,0,0,0,0,0,1,84,1,5,TRUE
71,90,923500,9.563248634338379,0,0,0,0,0,0,1,84,1,6,TRUE
71,91,936400,9.695725440979004,0,0,0,0,0,0,1,84,1,7,TRUE
71,92,963100,9.77149772644043,0,0,0,0,0,0,1,84,1,8,TRUE
71,93,994000,9.823470115661621,0,0,0,0,0,0,1,84,1,9,TRUE
71,94,1034100,9.994379043579102,0,0,0,0,0,0,1,84,1,10,TRUE
71,95,1069400,10.188102722167969,0,0,0,0,0,0,1,84,1,11,TRUE
72,79,1517400,9.263028144836426,0,0,0,0,0,0,0,Inf,0,-Inf,FALSE
72,80,1578900,9.011157035827637,0,0,0,0,0,0,0,Inf,0,-Inf,FALSE
72,81,1630500,9.070043563842773,0,0,0,0,0,0,0,Inf,0,-Inf,FALSE
72,82,1607000,9.07337474822998,0,0,0,0,0,0,0,Inf,0,-Inf,FALSE
72,83,1565200,9.020873069763184,0,0,0,0,0,0,0,Inf,0,-Inf,FALSE
72,84,1601500,9.19624137878418,0,0,0,0,0,0,0,Inf,0,-Inf,FALSE
72,85,1591200,9.382359504699707,0,0,0,0,0,0,0,Inf,0,-Inf,FALSE
72,86,1518500,9.163458824157715,0,0,0,0,0,0,0,Inf,0,-Inf,FALSE
72,87,1483600,9.036581993103027,0,0,0,0,0,0,0,Inf,0,-Inf,FALSE
72,88,1511600,9.440181732177734,0,0,0,0,0,0,0,Inf,0,-Inf,FALSE
72,89,1538500,9.69971752166748,0,0,0,0,0,0,0,Inf,0,-Inf,FALSE
72,90,1589900,9.706315994262695,0,0,0,0,0,0,0,Inf,0,-Inf,FALSE
72,91,1613000,9.935373306274414,0,0,0,0,0,0,0,Inf,0,-Inf,FALSE
72,92,1626900,10.0458984375,0,0,0,0,0,0,0,Inf,0,-Inf,FALSE
72,93,1658600,10.16060733795166,0,0,0,0,0,0,0,Inf,0,-Inf,FALSE
72,94,1722100,10.229801177978516,0,0,0,0,0,0,0,Inf,0,-Inf,FALSE
72,95,1772400,10.244733810424805,0,0,0,0,0,0,0,Inf,0,-Inf,FALSE
73,79,1087900,8.451053619384766,0,0,0,0,0,1,0,Inf,0,-Inf,FALSE
73,80,1138100,8.198639869689941,0,0,0,0,0,0,1,Inf,0,-Inf,FALSE
73,81,1201200,8.743691444396973,0,0,0,0,0,0,1,Inf,0,-Inf,FALSE
73,82,1216900,8.347826957702637,0,0,0,0,0,0,1,Inf,0,-Inf,FALSE
73,83,1170600,8.648396492004395,0,0,0,0,0,0,1,Inf,0,-Inf,FALSE
73,84,1180300,8.522379875183105,0,0,0,0,0,0,1,Inf,0,-Inf,FALSE
73,85,1165300,8.720296859741211,0,0,0,0,0,0,1,Inf,0,-Inf,FALSE
73,86,1124400,9.080231666564941,0,0,0,0,0,0,1,Inf,0,-Inf,FALSE
73,87,1108500,8.859363555908203,0,0,0,0,0,0,1,Inf,0,-Inf,FALSE
73,88,1131500,9.103423118591309,0,0,0,0,0,0,1,Inf,0,-Inf,FALSE
73,89,1163800,9.168267250061035,0,0,0,0,0,0,1,Inf,0,-Inf,FALSE
73,90,1195900,9.31757926940918,0,0,0,0,0,0,1,Inf,0,-Inf,FALSE
73,91,1211000,9.626811027526855,0,0,0,0,0,0,1,Inf,0,-Inf,FALSE
73,92,1221700,9.745253562927246,0,0,0,0,0,0,1,Inf,0,-Inf,FALSE
73,93,1247000,9.891819953918457,0,0,0,0,0,0,1,Inf,0,-Inf,FALSE
73,94,1279500,9.945204734802246,0,0,0,0,0,0,1,Inf,0,-Inf,FALSE
73,95,1316100,10.03714370727539,0,0,0,0,0,0,1,Inf,0,-Inf,FALSE
74,79,5601800,10.316523551940918,0,0,0,0,0,0,0,85,0,-6,FALSE
74,80,5851200,10.277806282043457,0,0,0,0,0,0,0,85,0,-5,FALSE
74,81,6180000,10.357837677001953,0,0,0,0,0,0,0,85,0,-4,FALSE
74,82,6263400,10.39182186126709,0,0,0,0,0,0,0,85,0,-3,FALSE
74,83,6193600,10.229873657226563,1,0,0,0,0,0,0,85,0,-2,FALSE
74,84,6492400,10.334912300109863,0,1,0,0,0,0,0,85,0,-1,FALSE
74,85,6663100,10.559114456176758,0,0,1,0,0,0,0,85,1,0,FALSE
74,86,6564200,10.654149055480957,0,0,0,1,0,0,0,85,1,1,TRUE
74,87,6516900,10.733718872070313,0,0,0,0,1,0,0,85,1,2,TRUE
74,88,6677800,11.064699172973633,0,0,0,0,0,1,0,85,1,3,TRUE
74,89,6840000,11.233912467956543,0,0,0,0,0,0,1,85,1,4,TRUE
74,90,7095400,11.495677947998047,0,0,0,0,0,0,1,85,1,5,TRUE
74,91,7174700,11.848061561584473,0,0,0,0,0,0,1,85,1,6,TRUE
74,92,7269100,11.877714157104492,0,0,0,0,0,0,1,85,1,7,TRUE
74,93,7481500,12.093727111816406,0,0,0,0,0,0,1,85,1,8,TRUE
74,94,7750900,12.137916564941406,0,0,0,0,0,0,1,85,1,9,TRUE
74,95,8022500,12.283662796020508,0,0,0,0,0,0,1,85,1,10,TRUE
81,79,283800,4.418840408325195,0,0,0,0,0,0,0,87,0,-8,FALSE
81,80,280400,4.553876876831055,0,0,0,0,0,0,0,87,0,-7,FALSE
81,81,281800,4.709530353546143,0,0,0,0,0,0,0,87,0,-6,FALSE
81,82,273700,4.653960227966309,0,0,0,0,0,0,0,87,0,-5,FALSE
81,83,276000,4.290459632873535,0,0,0,0,0,0,0,87,0,-4,FALSE
81,84,281100,4.875197410583496,0,0,0,0,0,0,0,87,0,-3,FALSE
81,85,279100,4.584967613220215,1,0,0,0,0,0,0,87,0,-2,FALSE
81,86,275400,4.852030277252197,0,1,0,0,0,0,0,87,0,-1,FALSE
81,87,274100,6.06145715713501,0,0,1,0,0,0,0,87,1,0,FALSE
81,88,282900,6.41017484664917,0,0,0,1,0,0,0,87,1,1,TRUE
81,89,291000,6.635946750640869,0,0,0,0,1,0,0,87,1,2,TRUE
81,90,297300,6.2766432762146,0,0,0,0,0,1,0,87,1,3,TRUE
81,91,303700,7.059617519378662,0,0,0,0,0,0,1,87,1,4,TRUE
81,92,316600,7.224024772644043,0,0,0,0,0,0,1,87,1,5,TRUE
81,93,325600,7.379631996154785,0,0,0,0,0,0,1,87,1,6,TRUE
81,94,340200,7.459914684295654,0,0,0,0,0,0,1,87,1,7,TRUE
81,95,350800,7.5908522605896,0,0,0,0,0,0,1,87,1,8,TRUE
82,79,338000,5.8141303062438965,0,0,0,0,1,0,0,Inf,0,-Inf,FALSE
82,80,330000,6.0185933113098145,0,0,0,0,0,1,0,Inf,0,-Inf,FALSE
82,81,327800,5.926926136016846,0,0,0,0,0,0,1,Inf,0,-Inf,FALSE
82,82,312200,5.793013572692871,0,0,0,0,0,0,1,Inf,0,-Inf,FALSE
82,83,317900,5.880533218383789,0,0,0,0,0,0,1,Inf,0,-Inf,FALSE
82,84,330500,6.335054397583008,0,0,0,0,0,0,1,Inf,0,-Inf,FALSE
82,85,336000,6.32793664932251,0,0,0,0,0,0,1,Inf,0,-Inf,FALSE
82,86,328200,6.345636367797852,0,0,0,0,0,0,1,Inf,0,-Inf,FALSE
82,87,333400,6.431331157684326,0,0,0,0,0,0,1,Inf,0,-Inf,FALSE
82,88,348500,7.303170204162598,0,0,0,0,0,0,1,Inf,0,-Inf,FALSE
82,89,365800,7.151485443115234,0,0,0,0,0,0,1,Inf,0,-Inf,FALSE
82,90,384900,7.277938365936279,0,0,0,0,0,0,1,Inf,0,-Inf,FALSE
82,91,398100,7.244941711425781,0,0,0,0,0,0,1,Inf,0,-Inf,FALSE
82,92,416400,7.655864238739014,0,0,0,0,0,0,1,Inf,0,-Inf,FALSE
82,93,436500,8.306718826293945,0,0,0,0,0,0,1,Inf,0,-Inf,FALSE
82,94,460900,8.570734024047852,0,0,0,0,0,0,1,Inf,0,-Inf,FALSE
82,95,477300,8.687610626220703,0,0,0,0,0,0,1,Inf,0,-Inf,FALSE
83,79,200700,4.9628448486328125,0,0,0,0,0,0,0,85,0,-6,FALSE
83,80,210200,4.919981002807617,0,0,0,0,0,0,0,85,0,-5,FALSE
83,81,223500,5.164785861968994,0,0,0,0,0,0,0,85,0,-4,FALSE
83,82,217700,3.9120230674743652,0,0,0,0,0,0,0,85,0,-3,FALSE
83,83,202500,4.795790672302246,1,0,0,0,0,0,0,85,0,-2,FALSE
83,84,204300,5.20948600769043,0,1,0,0,0,0,0,85,0,-1,FALSE
83,85,206900,5.568344593048096,0,0,1,0,0,0,0,85,1,0,FALSE
83,86,196300,5.840641498565674,0,0,0,1,0,0,0,85,1,1,TRUE
83,87,182600,6.470799446105957,0,0,0,0,1,0,0,85,1,2,TRUE
83,88,189000,5.831882476806641,0,0,0,0,0,1,0,85,1,3,TRUE
83,89,192800,5.826000213623047,0,0,0,0,0,0,1,85,1,4,TRUE
83,90,198500,6.063785076141357,0,0,0,0,0,0,1,85,1,5,TRUE
83,91,203100,6.580639362335205,0,0,0,0,0,0,1,85,1,6,TRUE
83,92,205600,6.526494979858398,0,0,0,0,0,0,1,85,1,7,TRUE
83,93,210300,6.602587699890137,0,0,0,0,0,0,1,85,1,8,TRUE
83,94,216800,6.634633541107178,0,0,0,0,0,0,1,85,1,9,TRUE
83,95,219400,6.866933345794678,0,0,0,0,0,0,1,85,1,10,TRUE
84,79,1218000,8.91610336303711,0,0,0,0,0,0,0,83,0,-4,FALSE
84,80,1251100,8.915029525756836,0,0,0,0,0,0,0,83,0,-3,FALSE
84,81,1295200,8.819812774658203,1,0,0,0,0,0,0,83,0,-2,FALSE
84,82,1316600,8.722743034362793,0,1,0,0,0,0,0,83,0,-1,FALSE
84,83,1327200,8.82541275024414,0,0,1,0,0,0,0,83,1,0,FALSE
84,84,1402300,9.191972732543945,0,0,0,1,0,0,0,83,1,1,TRUE
84,85,1418700,9.259130477905273,0,0,0,0,1,0,0,83,1,2,TRUE
84,86,1408300,9.769956588745117,0,0,0,0,0,1,0,83,1,3,TRUE
84,87,1412600,9.10863971710205,0,0,0,0,0,0,1,83,1,4,TRUE
84,88,1436100,9.475776672363281,0,0,0,0,0,0,1,83,1,5,TRUE
84,89,1482300,9.535173416137695,0,0,0,0,0,0,1,83,1,6,TRUE
84,90,1520900,9.543521881103516,0,0,0,0,0,0,1,83,1,7,TRUE
84,91,1545000,9.685331344604492,0,0,0,0,0,0,1,83,1,8,TRUE
84,92,1596900,9.920049667358398,0,0,0,0,0,0,1,83,1,9,TRUE
84,93,1670700,10.247183799743652,0,0,0,0,0,0,1,83,1,10,TRUE
84,94,1755900,10.43261432647705,0,0,0,0,0,0,1,83,1,11,TRUE
84,95,1834400,10.529960632324219,0,0,0,0,0,0,1,83,1,12,TRUE
85,79,461000,6.546785354614258,0,1,0,0,0,0,0,80,0,-1,FALSE
85,80,465400,6.685861110687256,0,0,1,0,0,0,0,80,1,0,FALSE
85,81,475500,6.822197437286377,0,0,0,1,0,0,0,80,1,1,TRUE
85,82,473600,6.960347652435303,0,0,0,0,1,0,0,80,1,2,TRUE
85,83,479500,6.77878475189209,0,0,0,0,0,1,0,80,1,3,TRUE
85,84,502800,7.20414924621582,0,0,0,0,0,0,1,80,1,4,TRUE
85,85,520200,7.185387134552002,0,0,0,0,0,0,1,80,1,5,TRUE
85,86,525900,7.319864749908447,0,0,0,0,0,0,1,80,1,6,TRUE
85,87,529300,7.758333683013916,0,0,0,0,0,0,1,80,1,7,TRUE
85,88,547500,8.123558044433594,0,0,0,0,0,0,1,80,1,8,TRUE
85,89,562200,8.122964859008789,0,0,0,0,0,0,1,80,1,9,TRUE
85,90,580400,8.215547561645508,0,0,0,0,0,0,1,80,1,10,TRUE
85,91,585400,8.450411796569824,0,0,0,0,0,0,1,80,1,11,TRUE
85,92,601500,8.680671691894531,0,0,0,0,0,0,1,80,1,12,TRUE
85,93,626200,8.886408805847168,0,0,0,0,0,0,1,80,1,13,TRUE
85,94,657200,8.8954925537109375,0,0,0,0,0,0,1,80,1,14,TRUE
85,95,682400,9.135077476501465,0,0,0,0,0,0,1,80,1,15,TRUE
86,79,979900,8.477204322814941,0,0,0,0,0,0,0,83,0,-4,FALSE
86,80,1014000,8.45510482788086,0,0,0,0,0,0,0,83,0,-3,FALSE
86,81,1040800.0625,8.400659561157227,1,0,0,0,0,0,0,83,0,-2,FALSE
86,82,1029800.0625,8.46168041229248,0,1,0,0,0,0,0,83,0,-1,FALSE
86,83,1077800,8.819960594177246,0,0,1,0,0,0,0,83,1,0,FALSE
86,84,1181900,9.286653518676758,0,0,0,1,0,0,0,83,1,1,TRUE
86,85,1278600,9.769956588745117,0,0,0,0,1,0,0,83,1,2,TRUE
86,86,1337800,9.349580764770508,0,0,0,0,0,1,0,83,1,3,TRUE
86,87,1385800,9.376871109008789,0,0,0,0,0,0,1,83,1,4,TRUE
86,88,1419300,9.819725036621094,0,0,0,0,0,0,1,83,1,5,TRUE
86,89,1454500,9.932609558105469,0,0,0,0,0,0,1,83,1,6,TRUE
86,90,1483000,9.949320793151855,0,0,0,0,0,0,1,83,1,7,TRUE
86,91,1491400,9.85765266418457,0,0,0,0,0,0,1,83,1,8,TRUE
86,92,1517000,9.9866790771484375,0,0,0,0,0,0,1,83,1,9,TRUE
86,93,1584400,10.27221965789795,0,0,0,0,0,0,1,83,1,10,TRUE
86,94,1692100,10.600253105163574,0,0,0,0,0,0,1,83,1,11,TRUE
86,95,1795700,10.836832046508789,0,0,0,0,0,0,1,83,1,12,TRUE
87,79,548400,6.894670009613037,0,0,0,0,0,0,0,86,0,-7,FALSE
87,80,550800,6.867974281311035,0,0,0,0,0,0,0,86,0,-6,FALSE
87,81,558000,6.647688388824463,0,0,0,0,0,0,0,86,0,-5,FALSE
87,82,560900,6.827629089355469,0,0,0,0,0,0,0,86,0,-4,FALSE
87,83,566900,7.214504241943359,0,0,0,0,0,0,0,86,0,-3,FALSE
87,84,601200,7.761744976043701,1,0,0,0,0,0,0,86,0,-2,FALSE
87,85,624300,7.774855613708496,0,1,0,0,0,0,0,86,0,-1,FALSE
87,86,634100,7.995643615722656,0,0,1,0,0,0,0,86,1,0,FALSE
87,87,640000,8.162516593933105,0,0,0,1,0,0,0,86,1,1,TRUE
87,88,660000,8.831419944763184,0,0,0,0,1,0,0,86,1,2,TRUE
87,89,691100,9.162829399108887,0,0,0,0,0,1,0,86,1,3,TRUE
87,90,723600,9.39532470703125,0,0,0,0,0,0,1,86,1,4,TRUE
87,91,745200,9.242711067199707,0,0,0,0,0,0,1,86,1,5,TRUE
87,92,768700,9.102532386779785,0,0,0,0,0,0,1,86,1,6,TRUE
87,93,809800,9.833762168884277,0,0,0,0,0,0,1,86,1,7,TRUE
87,94,859700,9.845063209533691,0,0,0,0,0,0,1,86,1,8,TRUE
87,95,907700,9.887866020202637,0,0,0,0,0,0,1,86,1,9,TRUE
88,79,383700,6.840546607971191,0,0,0,0,0,0,0,83,0,-4,FALSE
88,80,399900,6.834108829498291,0,0,0,0,0,0,0,83,0,-3,FALSE
88,81,411200,6.642486572265625,1,0,0,0,0,0,0,83,0,-2,FALSE
88,82,401100,6.693323612213135,0,1,0,0,0,0,0,83,0,-1,FALSE
88,83,402800,6.844815254211426,0,0,1,0,0,0,0,83,1,0,FALSE
88,84,426000,7.241366386413574,0,0,0,1,0,0,0,83,1,1,TRUE
88,85,446400,7.357556343078613,0,0,0,0,1,0,0,83,1,2,TRUE
88,86,468100,7.392647743225098,0,0,0,0,0,1,0,83,1,3,TRUE
88,87,500200,7.494430065155029,0,0,0,0,0,0,1,83,1,4,TRUE
88,88,537600,7.993282318115234,0,0,0,0,0,0,1,83,1,5,TRUE
88,89,581200,8.513385772705078,0,0,0,0,0,0,1,83,1,6,TRUE
88,90,620900,8.502891540527344,0,0,0,0,0,0,1,83,1,7,TRUE
88,91,628700,8.446126937866211,0,0,0,0,0,0,1,83,1,8,TRUE
88,92,638700,8.583916664123535,0,0,0,0,0,0,1,83,1,9,TRUE
88,93,671400,8.950532913208008,0,0,0,0,0,0,1,83,1,10,TRUE
88,94,738000,8.95376968383789,0,0,0,0,0,0,1,83,1,11,TRUE
88,95,786100,9.19614028930664,0,0,0,0,0,0,1,83,1,12,TRUE
91,79,1581200,8.635332107543945,0,0,0,0,1,0,0,Inf,0,-Inf,FALSE
91,80,1608300,8.468213081359863,0,0,0,0,0,1,0,Inf,0,-Inf,FALSE
91,81,1612000,8.6285552978515625,0,0,0,0,0,0,1,Inf,0,-Inf,FALSE
91,82,1568600,8.229511260986328,0,0,0,0,0,0,1,Inf,0,-Inf,FALSE
91,83,1586100,8.333270072937012,0,0,0,0,0,0,1,Inf,0,-Inf,FALSE
91,84,1659600,8.772765159606934,0,0,0,0,0,0,1,Inf,0,-Inf,FALSE
91,85,1710400,8.613048553466797,0,0,0,0,0,0,1,Inf,0,-Inf,FALSE
91,86,1769900,8.940367698669434,0,0,0,0,0,0,1,Inf,0,-Inf,FALSE
91,87,1851800,9.198065757751465,0,0,0,0,0,0,1,Inf,0,-Inf,FALSE
91,88,1941400,9.5198822021484375,0,0,0,0,0,0,1,Inf,0,-Inf,FALSE
91,89,2046800,9.596418380737305,0,0,0,0,0,0,1,Inf,0,-Inf,FALSE
91,90,2143000,9.670609474182129,0,0,0,0,0,0,1,Inf,0,-Inf,FALSE
91,91,2177400,9.702227592468262,0,0,0,0,0,0,1,Inf,0,-Inf,FALSE
91,92,2222400,9.85277271270752,0,0,0,0,0,0,1,Inf,0,-Inf,FALSE
91,93,2253000,10.13145923614502,0,0,0,0,0,0,1,Inf,0,-Inf,FALSE
91,94,2304300,10.248706817626953,0,0,0,0,0,0,1,Inf,0,-Inf,FALSE
91,95,2346900,10.283600807189941,0,0,0,0,0,0,1,Inf,0,-Inf,FALSE
92,79,1056000,8.105608940124512,0,0,0,1,0,0,0,Inf,0,-Inf,FALSE
92,80,1044600,8.050703048706055,0,0,0,0,1,0,0,Inf,0,-Inf,FALSE
92,81,1018700,8.157083511352539,0,0,0,0,0,1,0,Inf,0,-Inf,FALSE
92,82,961100,7.7944111824035645,0,0,0,0,0,0,1,Inf,0,-Inf,FALSE
92,83,966700,7.782390117645264,0,0,0,0,0,0,1,Inf,0,-Inf,FALSE
92,84,1006900,8.182000160217285,0,0,0,0,0,0,1,Inf,0,-Inf,FALSE
92,85,1030000,8.3096771240234375,0,0,0,0,0,0,1,Inf,0,-Inf,FALSE
92,86,1058500,8.92265796661377,0,0,0,0,0,0,1,Inf,0,-Inf,FALSE
92,87,1100100,8.728425979614258,0,0,0,0,0,0,1,Inf,0,-Inf,FALSE
92,88,1152800,9.340228080749512,0,0,0,0,0,0,1,Inf,0,-Inf,FALSE
92,89,1205800,9.492506980895996,0,0,0,0,0,0,1,Inf,0,-Inf,FALSE
92,90,1247100,9.398146629333496,0,0,0,0,0,0,1,Inf,0,-Inf,FALSE
92,91,1244700,9.559094429016113,0,0,0,0,0,0,1,Inf,0,-Inf,FALSE
92,92,1267600,9.551302909851074,0,0,0,0,0,0,1,Inf,0,-Inf,FALSE
92,93,1308400,9.9094696044921875,0,0,0,0,0,0,1,Inf,0,-Inf,FALSE
92,94,1362900,10.093653678894043,0,0,0,0,0,0,1,Inf,0,-Inf,FALSE
92,95,1418400,10.312944412231445,0,0,0,0,0,0,1,Inf,0,-Inf,FALSE
93,79,9664600,11.330408096313477,0,0,0,0,0,1,0,Inf,0,-Inf,FALSE
93,80,9848800,11.320978164672852,0,0,0,0,0,0,1,Inf,0,-Inf,FALSE
93,81,9985300,11.287128448486328,0,0,0,0,0,0,1,Inf,0,-Inf,FALSE
93,82,9810300,11.283223152160645,0,0,0,0,0,0,1,Inf,0,-Inf,FALSE
93,83,9917800,11.184449195861816,0,0,0,0,0,0,1,Inf,0,-Inf,FALSE
93,84,10390000,11.566523551940918,0,0,0,0,0,0,1,Inf,0,-Inf,FALSE
93,85,10769800,11.609244346618652,0,0,0,0,0,0,1,Inf,0,-Inf,FALSE
93,86,11085500,11.704115867614746,0,0,0,0,0,0,1,Inf,0,-Inf,FALSE
93,87,11472600,11.72900390625,0,0,0,0,0,0,1,Inf,0,-Inf,FALSE
93,88,11911500,12.062612533569336,0,0,0,0,0,0,1,Inf,0,-Inf,FALSE
93,89,12238500,12.116301536560059,0,0,0,0,0,0,1,Inf,0,-Inf,FALSE
93,90,12499900,12.133200645446777,0,0,0,0,0,0,1,Inf,0,-Inf,FALSE
93,91,12359000,12.025449752807617,0,0,0,0,0,0,1,Inf,0,-Inf,FALSE
93,92,12153500,12.079113960266113,0,0,0,0,0,0,1,Inf,0,-Inf,FALSE
93,93,12045300,12.3697509765625,0,0,0,0,0,0,1,Inf,0,-Inf,FALSE
93,94,12159500,12.459443092346191,0,0,0,0,0,0,1,Inf,0,-Inf,FALSE
93,95,12422200,12.595296859741211,0,0,0,0,0,0,1,Inf,0,-Inf,FALSE
94,79,166900,4.644391059875488,0,0,0,0,0,0,0,83,0,-4,FALSE
94,80,169400,4.682131290435791,0,0,0,0,0,0,0,83,0,-3,FALSE
94,81,186100,5.164785861968994,1,0,0,0,0,0,0,83,0,-2,FALSE
94,82,200400,5.164785861968994,0,1,0,0,0,0,0,83,0,-1,FALSE
94,83,214300,5.433722019195557,0,0,1,0,0,0,0,83,1,0,FALSE
94,84,225700,5.828945636749268,0,0,0,1,0,0,0,83,1,1,TRUE
94,85,230700,5.926926136016846,0,0,0,0,1,0,0,83,1,2,TRUE
94,86,220700,5.8141303062438965,0,0,0,0,0,1,0,83,1,3,TRUE
94,87,210100,5.910796642303467,0,0,0,0,0,0,1,83,1,4,TRUE
94,88,213700,6.115891933441162,0,0,0,0,0,0,1,83,1,5,TRUE
94,89,227000,6.3261494636535645,0,0,0,0,0,0,1,83,1,6,TRUE
94,90,238100,6.887552738189697,0,0,0,0,0,0,1,83,1,7,TRUE
94,91,242800,6.590301036834717,0,0,0,0,0,0,1,83,1,8,TRUE
94,92,247200,6.376727104187012,0,0,0,0,0,0,1,83,1,9,TRUE
94,93,252900,6.785587787628174,0,0,0,0,0,0,1,83,1,10,TRUE
94,94,259299.984375,7.285506725311279,0,0,0,0,0,0,1,83,1,11,TRUE
94,95,262000,7.152268886566162,0,0,0,0,0,0,1,83,1,12,TRUE
95,79,394000,7.187657356262207,0,0,0,0,0,0,0,86,0,-7,FALSE
95,80,404100,6.9157233238220215,0,0,0,0,0,0,0,86,0,-6,FALSE
95,81,404800,7.289610385894775,0,0,0,0,0,0,0,86,0,-5,FALSE
95,82,399400,7.097548961639404,0,0,0,0,0,0,0,86,0,-4,FALSE
95,83,406200,6.903747081756592,0,0,0,0,0,0,0,86,0,-3,FALSE
95,84,412700,7.181591987609863,1,0,0,0,0,0,0,86,0,-2,FALSE
95,85,425700,7.2675251960754395,0,1,0,0,0,0,0,86,0,-1,FALSE
95,86,438600,7.428333282470703,0,0,1,0,0,0,0,86,1,0,FALSE
95,87,460000,7.442492485046387,0,0,0,1,0,0,0,86,1,1,TRUE
95,88,478100,7.913520812988281,0,0,0,0,1,0,0,86,1,2,TRUE
95,89,505500,8.101677894592285,0,0,0,0,0,1,0,86,1,3,TRUE
95,90,528400,8.368693351745605,0,0,0,0,0,0,1,86,1,4,TRUE
95,91,539100,8.36334228515625,0,0,0,0,0,0,1,86,1,5,TRUE
95,92,542800,8.215547561645508,0,0,0,0,0,0,1,86,1,6,TRUE
95,93,538800,8.481980323791504,0,0,0,0,0,0,1,86,1,7,TRUE
95,94,536200,8.229511260986328,0,0,0,0,0,0,1,86,1,8,TRUE
95,95,532800,8.229511260986328,0,0,0,0,0,0,1,86,1,9,TRUE
