location_type,FACILITY_ID,DOCTOR_ID,facility,facilitycode,roster_6a8,theta_mle
1,10101,1010101,NA,1,4,1.75478994846344
1,10202,1020204,NA,2,4,0.16109299659729004
1,10303,1030301,NA,3,4,-3.496340036392212
1,10404,1040401,NA,4,4,-0.8668959736824036
1,10505,1050501,NA,5,4,-3.6669199466705322
1,10506,1050601,NA,6,6,-0.48919999599456787
1,10607,1060701,NA,7,4,-1.3191499710083008
1,10608,1060801,NA,8,2,-1.7638499736785889
1,10709,1070901,NA,9,4,1.0416200160980225
1,10710,1071001,NA,10,4,-1.1988400220870972
1,10912,1091201,NA,12,4,0.37338799238204956
1,11013,1101301,NA,13,2,-4.801159858703613
1,11114,1111401,NA,14,4,-0.2663689851760864
1,11215,1121501,NA,15,4,0.00534068001434207
1,11316,1131601,NA,16,4,-1.2615599632263184
1,11417,1141701,NA,17,2,-2.2366299629211426
1,11417,1141702,NA,17,2,-0.08615720272064209
1,11418,1141801,NA,18,2,-1.7464200258255005
1,11419,1141901,NA,19,2,-2.360640048980713
1,11420,1142001,NA,20,2,-0.09952910244464874
1,11521,1152101,NA,21,4,-0.9343950152397156
1,11522,1152201,NA,22,4,0.4806790053844452
1,11623,1162301,NA,23,4,-0.17197999358177185
1,11624,1162401,NA,24,6,0.0732904002070427
1,11625,1162501,NA,25,2,-1.0692299604415894
1,11626,1162601,NA,26,4,-2.7597100734710693
1,11627,1162710,NA,27,6,0.8680160045623779
1,11628,1162801,NA,28,4,-1.7945599555969238
1,11629,1162901,NA,29,2,-2.4726600646972656
1,11630,1163001,NA,30,6,-1.6043000221252441
1,11631,1163101,NA,31,6,-1.090749979019165
1,11632,1163201,NA,32,4,-2.2454299926757813
1,11733,1173301,NA,33,4,-0.31838101148605347
1,11734,1173403,NA,34,2,-0.06267129629850388
1,11735,1173501,NA,35,2,0.280036985874176
1,11736,1173601,NA,36,4,-0.5386379957199097
1,11837,1183701,NA,37,4,-0.7079899907112122
1,11838,1183801,NA,38,6,-0.1908389925956726
1,11939,1193901,NA,39,4,-1.517989993095398
1,11940,1194001,NA,40,4,-0.4910750091075897
1,11941,1194102,NA,41,6,-0.7440869808197021
1,12042,1204203,NA,42,2,-1.0176000595092773
1,12042,1204208,NA,42,2,-2.012120008468628
1,12042,1204210,NA,42,4,-0.8585259914398193
1,12043,1204301,NA,43,2,-1.57492995262146
1,12144,1214401,NA,44,2,-1.7350300550460815
1,12145,1214501,NA,45,2,-4.711480140686035
1,12146,1214601,NA,46,4,-0.7774339914321899
1,12147,1214701,NA,47,2,-0.26870301365852356
1,12148,1214801,NA,48,4,0.14470000565052032
1,12249,1224901,NA,49,2,-2.8262200355529785
1,12250,1225001,NA,50,4,-0.14317099750041962
1,12252,1225201,NA,52,4,-1.5152699947357178
1,12253,1225301,NA,53,2,-1.9850300550460815
1,12254,1225401,NA,54,4,-3.100709915161133
1,12255,1225501,NA,55,4,-1.1492300033569336
1,12356,1235601,NA,56,4,-0.43557000160217285
1,12357,1235701,NA,57,2,-4.796760082244873
1,12458,1245801,NA,58,2,0.5600209832191467
1,12459,1245901,NA,59,4,-0.9712349772453308
1,12560,1256001,NA,60,4,-1.768380045890808
1,12561,1256101,NA,61,2,-3.0412399768829346
1,12662,1266201,NA,62,2,-0.38733500242233276
1,12663,1266301,NA,63,2,-1.347000002861023
1,12764,1276401,NA,64,4,1.4915399551391602
1,12765,1276501,NA,65,4,-1.8092999458312988
1,12766,1276601,NA,66,2,-2.210659980773926
1,110101,11010101,NA,67,2,-4.144929885864258
1,110102,11010201,NA,68,2,-4.995389938354492
1,110103,11010301,NA,69,2,-0.8025739789009094
1,110104,11010401,NA,70,2,-1.7680399417877197
1,110104,11010402,NA,70,2,-2.3119900226593018
1,110105,11010501,NA,71,2,-4.114560127258301
1,110106,11010601,NA,72,2,-1.0760799646377563
1,110107,11010701,NA,73,4,-2.248840093612671
1,110208,11020801,NA,74,2,-3.711519956588745
1,110208,11020802,NA,74,2,-1.994789958000183
1,110209,11020901,NA,75,2,-4.845759868621826
1,110310,11031001,NA,76,2,-2.1893599033355713
1,110311,11031101,NA,77,2,-2.779670000076294
1,110312,11031201,NA,78,2,0.25997599959373474
1,110413,11041301,NA,79,2,-4.997200012207031
1,110414,11041401,NA,80,2,-1.4498000144958496
1,110515,11051501,NA,81,2,-3.264580011367798
1,110516,11051601,NA,82,2,0.5607330203056335
1,110516,11051602,NA,82,4,-1.408210039138794
1,110517,11051701,NA,83,2,-0.04860780015587807
1,110519,11051901,NA,85,2,-1.56905996799469
1,110520,11052001,NA,86,4,-1.749619960784912
1,110722,11072201,NA,88,2,-1.778730034828186
1,110723,11072301,NA,89,2,-2.7748000621795654
1,110724,11072401,NA,90,2,-0.3507330119609833
1,110725,11072501,NA,91,2,-4.997200012207031
1,110725,11072502,NA,91,2,-2.6506199836730957
1,110826,11082601,NA,92,2,-1.161520004272461
1,110928,11092801,NA,94,2,-1.0143200159072876
1,111029,11102901,NA,95,2,-2.5861399173736572
1,111030,11103001,NA,96,2,0.8019329905509949
1,111031,11103101,NA,97,2,-1.6878000497817993
1,111032,11103201,NA,98,2,-4.039470195770264
1,111033,11103301,NA,99,2,-3.032089948654175
1,520101,52010101,NA,100,2,-1.3593499660491943
1,520102,52010201,NA,101,2,-2.3298799991607666
1,520103,52010301,NA,102,4,0.12539799511432648
1,520104,52010401,NA,103,4,-1.604599952697754
1,520105,52010502,NA,104,4,-2.282399892807007
1,520106,52010601,NA,105,2,-4.838429927825928
1,520107,52010701,NA,106,6,-0.1527239978313446
1,520107,52010702,NA,106,2,-1.367319941520691
1,520108,52010801,NA,107,4,-0.8828420042991638
1,520109,52010901,NA,108,4,-3.1212899684906006
1,520110,52011001,NA,109,2,-4.425119876861572
1,520111,52011101,NA,110,6,0.45527398586273193
1,520112,52011201,NA,111,6,0.8844410181045532
1,520112,52011202,NA,111,2,-3.8612899780273438
1,520213,52021302,NA,112,2,-4.016089916229248
1,520314,52031401,NA,113,4,-1.4514800310134888
1,520315,52031501,NA,114,4,-0.9281330108642578
1,520316,52031601,NA,115,6,1.0111700296401978
1,520417,52041701,NA,116,6,-0.5238109827041626
1,520418,52041801,NA,117,4,-1.4415099620819092
1,520419,52041901,NA,118,4,-1.0099200010299683
1,520420,52042001,NA,119,3,-1.5963599681854248
1,520521,52052101,NA,120,2,-0.9070450067520142
1,520522,52052201,NA,121,4,0.18811599910259247
1,520523,52052301,NA,122,4,-1.7777400016784668
1,520523,52052302,NA,122,2,-1.8006399869918823
1,520524,52052401,NA,123,4,-0.09323889762163162
1,520524,52052402,NA,123,2,-1.4569100141525269
1,520525,52052501,NA,124,4,-0.2412099987268448
1,520626,52062601,NA,125,2,-4.108479976654053
1,520727,52072701,NA,126,2,-1.748579978942871
1,520728,52072801,NA,127,2,-1.5778100490570068
1,520729,52072901,NA,128,6,-0.726593017578125
1,520830,52083001,NA,129,4,-0.412651002407074
1,520931,52093101,NA,130,2,-1.1742099523544312
1,520932,52093201,NA,131,4,0.3196139931678772
1,520933,52093301,NA,132,4,0.0666842982172966
1,520934,52093401,NA,133,4,-0.011819800361990929
1,520935,52093501,NA,134,3,-3.30757999420166
1,520936,52093602,NA,135,2,-2.3523499965667725
1,520937,52093701,NA,136,2,-2.6536900997161865
1,521038,52103801,NA,137,4,0.17311200499534607
1,521038,52103802,NA,137,2,-2.578809976577759
1,521040,52104001,NA,139,2,-3.236799955368042
1,521141,52114101,NA,140,4,-1.019029974937439
1,660101,66010101,NA,141,2,-1.1034599542617798
1,660102,66010201,NA,142,2,-1.7918399572372437
1,660103,66010301,NA,143,2,0.5971760153770447
1,660104,66010401,NA,144,2,-3.960669994354248
1,660105,66010501,NA,145,2,-2.275710105895996
1,660106,66010601,NA,146,2,-1.6708500385284424
1,660107,66010701,NA,147,6,0.8128700256347656
1,660208,66020801,NA,148,4,-0.014174699783325195
1,660309,66030901,NA,149,2,-3.4225800037384033
1,660310,66031001,NA,150,2,-3.8609399795532227
1,660311,66031103,NA,151,4,-1.4463800191879272
1,660412,66041201,NA,152,4,0.47011899948120117
1,660413,66041301,NA,153,4,-1.7226099967956543
1,660414,66041401,NA,154,2,-1.6237900257110596
1,660414,66041402,NA,154,2,-0.8655110001564026
1,660415,66041501,NA,155,4,0.4855560064315796
1,660516,66051601,NA,156,4,-0.3918589949607849
1,660517,66051701,NA,157,2,-1.334149956703186
1,660618,66061801,NA,158,4,-0.917788028717041
1,660619,66061901,NA,159,4,-2.182539939880371
1,660620,66062001,NA,160,4,-0.6824020147323608
1,660721,66072102,NA,161,6,-1.8897600173950195
1,660722,66072201,NA,162,2,-0.9296500086784363
1,660823,66082301,NA,163,2,-1.9511799812316895
1,660824,66082401,NA,164,4,-0.18976999819278717
1,660925,66092501,NA,165,6,-0.25064200162887573
1,661026,66102601,NA,166,2,-1.592519998550415
1,661127,66112701,NA,167,2,-0.7599200010299683
1,750101,75010106,NA,168,2,-0.8166769742965698
1,750101,75010109,NA,168,4,-0.887952983379364
1,750102,75010201,NA,169,6,0.6319890022277832
1,750103,75010301,NA,170,4,0.8840630054473877
1,750104,75010410,NA,171,4,-0.32979699969291687
1,750105,75010501,NA,172,6,-1.2467199563980103
1,750106,75010601,NA,173,4,0.4263879954814911
1,750107,75010701,NA,174,4,0.6856300234794617
1,750108,75010802,NA,175,4,0.14075300097465515
1,750109,75010901,NA,176,4,-0.5626580119132996
1,750110,75011001,NA,177,4,-4.656829833984375
1,750111,75011101,NA,178,6,0.2591699957847595
1,750112,75011202,NA,179,6,0.42777299880981445
1,750113,75011301,NA,180,6,-1.2656199932098389
1,750114,75011401,NA,181,4,-0.6087419986724854
1,750115,75011502,NA,182,6,-0.6780539751052856
1,750116,75011601,NA,183,4,-0.6871669888496399
1,750117,75011701,NA,184,2,-0.48644301295280457
1,750118,75011801,NA,185,4,-3.6824100017547607
1,750119,75011901,NA,186,4,-1.5665600299835205
1,750220,75022001,NA,187,4,-0.08953409641981125
1,750221,75022101,NA,188,4,-1.7011300325393677
1,750222,75022201,NA,189,4,-0.8492500185966492
1,750223,75022301,NA,190,4,-1.2107000350952148
1,750324,75032401,NA,191,4,-0.19356800615787506
1,750325,75032501,NA,192,4,-0.31422799825668335
1,750326,75032609,NA,193,4,-0.49990400671958923
1,750327,75032701,NA,194,6,-0.3675230145454407
1,750428,75042801,NA,195,2,-0.8867819905281067
1,750429,75042908,NA,196,4,0.6834409832954407
1,750530,75053001,NA,197,4,-1.4504899978637695
1,750531,75053101,NA,198,4,-0.46678999066352844
1,750532,75053201,NA,199,4,-1.1850500106811523
1,750633,75063301,NA,200,2,-1.7815300226211548
1,750634,75063401,NA,201,4,-1.9245200157165527
1,750635,75063501,NA,202,4,-0.9542809724807739
1,750635,75063504,NA,202,2,-1.342900037765503
1,750736,75073601,NA,203,4,-4.247719764709473
1,750736,75073602,NA,203,4,0.1225230023264885
1,750736,75073603,NA,203,2,0.24138499796390533
1,750736,75073605,NA,203,2,-2.2007501125335693
1,750737,75073701,NA,204,4,-0.005937159992754459
1,750738,75073801,NA,205,4,-1.3948800563812256
1,750738,75073803,NA,205,2,-1.1586400270462036
1,750839,75083901,NA,206,4,0.5170400142669678
1,750940,75094001,NA,207,4,-0.4069490134716034
1,870101,87010107,NA,208,4,-2.2230899333953857
1,870102,87010201,NA,209,2,-0.5020120143890381
1,870103,87010303,NA,210,4,-0.7600209712982178
1,870104,87010401,NA,211,3,-2.024240016937256
1,870105,87010501,NA,212,4,-0.13311399519443512
1,870106,87010602,NA,213,4,-0.38104599714279175
1,870106,87010608,NA,213,4,0.8406350016593933
1,870107,87010701,NA,214,2,-1.8926899433135986
1,870108,87010801,NA,215,4,0.3669629991054535
1,870108,87010802,NA,215,2,-0.9646270275115967
1,870109,87010901,NA,216,2,-2.4281399250030518
1,870110,87011001,NA,217,2,-0.6512140035629272
1,870211,87021101,NA,218,4,-1.5396900177001953
1,870212,87021201,NA,219,4,0.5085189938545227
1,870213,87021301,NA,220,4,0.5883780121803284
1,870214,87021401,NA,221,2,-1.8009899854660034
1,870215,87021501,NA,222,4,-0.56577301025390625
1,870216,87021601,NA,223,6,0.2930389940738678
1,870317,87031701,NA,224,6,0.046500399708747864
1,870318,87031801,NA,225,6,-2.708199977874756
1,870419,87041901,NA,226,6,-0.7234269976615906
1,870420,87042001,NA,227,4,-0.6738190054893494
1,870521,87052101,NA,228,2,-1.7509499788284302
1,870622,87062201,NA,229,NA,-0.5363349914550781
1,870623,87062301,NA,230,6,-0.7714869976043701
1,870724,87072401,NA,231,4,-1.7420200109481812
1,870725,87072501,NA,232,4,0.5897120237350464
1,870726,87072601,NA,233,4,0.5649679899215698
1,870727,87072701,NA,234,4,0.14506499469280243
1,870828,87082801,NA,235,4,-0.21862100064754486
1,870829,87082902,NA,236,2,-2.4613499641418457
1,870830,87083001,NA,237,6,0.4237779974937439
1,870931,87093101,NA,238,6,0.5088340044021606
1,870932,87093201,NA,239,4,0.4748139977455139
1,870933,87093301,NA,240,6,-0.6905270218849182
1,871034,87103401,NA,241,3,0.6189249753952026
1,871035,87103501,NA,242,4,-0.12529200315475464
1,871036,87103603,NA,243,4,-1.3274699449539185
1,871037,87103701,NA,244,4,-0.9401280283927917
1,871138,87113801,NA,245,4,-0.20191599428653717
1,871139,87113901,NA,246,6,-0.4249599874019623
2,10101,1010101,1,247,7,-0.12274900078773499
2,10101,1010102,1,247,7,0.9231740236282349
2,10101,1010103,1,247,6,0.6307049989700317
2,10101,1010104,1,247,6,0.46420401334762573
2,10101,1010105,1,247,7,0.9900010228157043
2,10101,1010106,1,247,4,0.9858970046043396
2,10101,1010107,1,247,6,0.2728379964828491
2,10101,1010108,1,247,8,0.7233960032463074
2,10101,1010109,1,247,5,-0.30958399176597595
2,10101,1010110,1,247,8,0.5076010227203369
2,10202,1020201,2,248,6,-0.5020310282707214
2,10202,1020202,2,248,5,-0.5961369872093201
2,10202,1020203,2,248,5,-0.3253979980945587
2,10202,1020204,2,248,8,0.14834900200366974
2,10202,1020205,2,248,4,0.1343970000743866
2,10202,1020206,2,248,8,0.4724409878253937
2,10202,1020207,2,248,4,-0.09761390089988708
2,10202,1020208,2,248,8,0.0418769009411335
2,10202,1020209,2,248,6,0.5167250037193298
2,10202,1020210,2,248,6,0.174453005194664
2,10303,1030301,3,249,8,-0.44996899366378784
2,10303,1030302,3,249,6,0.7026339769363403
2,10404,1040401,4,250,6,-0.23536400496959686
2,10404,1040402,4,250,5,0.14925499260425568
2,10404,1040403,4,250,8,0.14819200336933136
2,10404,1040404,4,250,8,0.4422599971294403
2,10404,1040405,4,250,6,0.42077499628067017
2,10404,1040406,4,250,6,-1.6677000522613525
2,10404,1040407,4,250,6,0.2568410038948059
2,10404,1040408,4,250,8,-0.45069199800491333
2,10404,1040409,4,250,8,0.12327499687671661
2,10404,1040410,4,250,9,0.463032990694046
2,10505,1050501,5,251,5,-0.11858300119638443
2,10505,1050502,5,251,5,0.7805299758911133
2,10505,1050503,5,251,4,0.5113700032234192
2,10505,1050504,5,251,6,1.0319600105285645
2,10505,1050505,5,251,6,1.3618500232696533
2,10505,1050506,5,251,8,0.18038499355316162
2,10505,1050507,5,251,4,-0.803695023059845
2,10505,1050508,5,251,7,0.8623340129852295
2,10505,1050509,5,251,5,0.599793016910553
2,10505,1050510,5,251,6,-1.6982500553131104
2,10606,1060601,6,252,4,0.6382309794425964
2,10606,1060602,6,252,4,0.6371110081672668
2,10606,1060603,6,252,5,-0.8553799986839294
2,10606,1060604,6,252,5,0.1270660012960434
2,10606,1060605,6,252,4,0.37999600172042847
2,10707,1070701,7,253,4,-1.253250002861023
2,10707,1070702,7,253,6,-0.5078650116920471
2,10707,1070703,7,253,5,-0.9067999720573425
2,10707,1070704,7,253,8,-0.13368600606918335
2,10707,1070705,7,253,4,-0.714680016040802
2,10707,1070706,7,253,6,-0.5886420011520386
2,10707,1070707,7,253,6,-3.6884899139404297
2,10808,1080801,8,254,4,0.029895199462771416
2,10808,1080802,8,254,5,0.8549010157585144
2,10808,1080803,8,254,4,-1.1103399991989136
2,10808,1080804,8,254,4,0.7518969774246216
2,10808,1080805,8,254,4,0.712867021560669
2,10808,1080806,8,254,6,1.1444100141525269
2,10808,1080807,8,254,6,0.5515890121459961
2,10808,1080808,8,254,6,0.42100900411605835
2,10808,1080809,8,254,4,0.40500500798225403
2,10808,1080810,8,254,6,0.3553529977798462
2,10808,1080811,8,254,6,1.3120299577713013
2,10909,1090901,9,255,4,-0.27524900436401367
2,10909,1090902,9,255,6,-0.054072801023721695
2,10909,1090903,9,255,4,0.37146300077438354
2,10909,1090904,9,255,5,0.15581700205802917
2,10909,1090905,9,255,6,0.16772499680519104
2,10909,1090906,9,255,4,0.3765850067138672
2,10909,1090907,9,255,6,1.4356399774551392
2,10909,1090908,9,255,6,0.7537400126457214
2,10909,1090909,9,255,6,1.0339100360870361
2,10909,1090910,9,255,6,1.0817300081253052
2,11010,1101001,10,256,5,-1.1456600427627563
2,11010,1101002,10,256,4,-0.2218330055475235
2,11010,1101003,10,256,4,-0.44784098863601685
2,11010,1101004,10,256,4,-0.2914089858531952
2,11010,1101005,10,256,5,-0.29649999737739563
2,11010,1101006,10,256,5,-0.10311199724674225
2,11010,1101007,10,256,5,-1.80594003200531
2,11010,1101008,10,256,6,1.448330044746399
2,11010,1101009,10,256,5,1.0198400020599365
2,11010,1101010,10,256,6,1.6347500085830688
2,11111,1111101,11,257,6,0.02796179987490177
2,11111,1111102,11,257,6,-0.9264529943466187
2,11111,1111103,11,257,6,0.7577300071716309
2,11111,1111104,11,257,6,0.4246959984302521
2,11111,1111105,11,257,5,0.1887190043926239
2,11111,1111106,11,257,4,0.4297870099544525
2,11111,1111107,11,257,6,-1.2500499486923218
2,11111,1111108,11,257,6,0.1864600032567978
2,11111,1111109,11,257,4,-0.7619969844818115
2,11111,1111110,11,257,8,-0.40238699316978455
2,11111,1111111,11,257,4,-1.261139988899231
2,11212,1121201,12,258,5,-0.6859139800071716
2,11212,1121202,12,258,5,0.0674867033958435
2,11212,1121203,12,258,8,0.20673100650310516
2,11212,1121204,12,258,6,0.15646100044250488
2,11212,1121205,12,258,5,0.3660059869289398
2,11313,1131301,13,259,6,0.2674899995326996
2,11313,1131302,13,259,6,0.8620690107345581
2,11313,1131303,13,259,4,0.21195800602436066
2,11313,1131304,13,259,4,0.0662693977355957
2,11313,1131305,13,259,4,-0.6923710107803345
2,11313,1131306,13,259,6,0.07827039808034897
2,11313,1131307,13,259,6,0.08966530114412308
2,11313,1131308,13,259,5,-0.32202500104904175
2,11313,1131309,13,259,5,0.7351570129394531
2,11313,1131310,13,259,6,0.12093599885702133
2,11414,1141401,14,260,6,1.646530032157898
2,11414,1141402,14,260,6,0.4975000023841858
2,11414,1141403,14,260,4,0.5451440215110779
2,11414,1141404,14,260,4,0.4495219886302948
2,11414,1141405,14,260,4,0.6455309987068176
2,11414,1141406,14,260,6,0.613519012928009
2,11414,1141407,14,260,4,1.315119981765747
2,11414,1141408,14,260,6,0.7726070284843445
2,11414,1141409,14,260,6,0.05560220032930374
2,11414,1141410,14,260,4,0.6199439764022827
2,11515,1151501,15,261,5,0.09391369670629501
2,11515,1151502,15,261,4,-1.4338300228118896
2,11515,1151503,15,261,6,0.8286719918251038
2,11515,1151504,15,261,5,0.10694699734449387
2,11515,1151505,15,261,6,0.07194620370864868
2,11515,1151506,15,261,6,0.29392099380493164
2,11515,1151507,15,261,6,0.35676899552345276
2,11515,1151508,15,261,6,1.5997200012207031
2,11515,1151509,15,261,4,0.38844799995422363
2,11515,1151510,15,261,4,1.3451100587844849
2,11616,1161601,16,262,4,-0.9206380248069763
2,11616,1161602,16,262,7,1.5838899612426758
2,11616,1161603,16,262,4,0.327688992023468
2,11616,1161604,16,262,5,-0.11061500012874603
2,11616,1161605,16,262,6,0.8008440136909485
2,11616,1161606,16,262,8,-0.32437899708747864
2,11616,1161607,16,262,4,-0.9188259840011597
2,11616,1161608,16,262,8,0.8267459869384766
2,11616,1161609,16,262,6,1.7441799640655518
2,11616,1161610,16,262,5,1.159890055656433
2,11717,1171701,17,263,4,-0.46442899107933044
2,11717,1171702,17,263,4,-1.4345200061798096
2,11717,1171703,17,263,4,0.11324000358581543
2,11717,1171704,17,263,4,0.25602400302886963
2,11717,1171705,17,263,5,1.3630499839782715
2,11717,1171706,17,263,8,0.8033679723739624
2,11717,1171707,17,263,4,-0.22453199326992035
2,11717,1171708,17,263,4,0.23405399918556213
2,11717,1171709,17,263,4,-0.044330500066280365
2,11717,1171710,17,263,5,1.582129955291748
2,11717,1171711,17,263,5,-0.97011399269104
2,11818,1181801,18,264,4,0.6053820252418518
2,11818,1181802,18,264,4,0.13691399991512299
2,11818,1181803,18,264,4,1.1574900150299072
2,11818,1181804,18,264,6,1.4181300401687622
2,11818,1181805,18,264,5,-0.5643069744110107
2,11818,1181806,18,264,4,-0.4550600051879883
2,11818,1181807,18,264,4,0.33118098974227905
2,11818,1181808,18,264,5,0.8559399843215942
2,11818,1181809,18,264,4,0.4099830090999603
2,11818,1181810,18,264,6,0.2656889855861664
2,11919,1191901,19,265,4,0.34766799211502075
2,11919,1191902,19,265,4,-0.5623120069503784
2,11919,1191903,19,265,6,-0.06565319746732712
2,11919,1191904,19,265,5,0.8452290296554565
2,11919,1191905,19,265,4,0.08678890019655228
2,11919,1191906,19,265,4,0.39409899711608887
2,11919,1191907,19,265,6,0.6615790128707886
2,11919,1191908,19,265,6,0.8571609854698181
2,11919,1191909,19,265,4,1.6522599458694458
2,11919,1191910,19,265,6,1.7872300148010254
2,12020,1202001,20,266,6,0.34976398944854736
2,12020,1202002,20,266,4,0.675915002822876
2,12020,1202003,20,266,6,0.32033801078796387
2,12020,1202004,20,266,4,-0.19265200197696686
2,12020,1202005,20,266,4,0.12505200505256653
2,12020,1202006,20,266,4,0.4356519877910614
2,12020,1202007,20,266,4,-0.2714099884033203
2,12020,1202008,20,266,6,-0.22592900693416595
2,12020,1202009,20,266,5,0.8023800253868103
2,12020,1202010,20,266,4,-1.3336800336837769
2,12020,1202011,20,266,4,0.5569130182266235
2,12121,1212101,21,267,5,-1.7986899614334106
2,12121,1212102,21,267,4,0.1785999983549118
2,12121,1212103,21,267,6,0.5942429900169373
2,12121,1212104,21,267,4,-0.08088339865207672
2,12121,1212105,21,267,4,0.6829000115394592
2,12121,1212106,21,267,6,0.2761160135269165
2,12121,1212107,21,267,4,-0.27689799666404724
2,12121,1212108,21,267,4,-0.1153549998998642
2,12121,1212109,21,267,8,0.4152570068836212
2,12121,1212110,21,267,4,0.2815299928188324
2,12222,1222201,22,268,5,-0.0644742026925087
2,12222,1222202,22,268,6,1.0694899559020996
2,12222,1222203,22,268,4,-0.08719280362129211
2,12222,1222204,22,268,8,0.4588170051574707
2,12222,1222205,22,268,5,0.377591997385025
2,12222,1222206,22,268,6,0.5941110253334045
2,12222,1222207,22,268,4,1.092769980430603
2,12222,1222208,22,268,4,1.6417800188064575
2,12222,1222209,22,268,6,1.1540299654006958
2,12222,1222210,22,268,4,0.9489759802818298
2,12323,1232301,23,269,5,1.553439974784851
2,12323,1232302,23,269,5,-1.199530005455017
2,12323,1232303,23,269,4,1.1811100244522095
2,12323,1232304,23,269,6,0.5443080067634583
2,12323,1232305,23,269,6,1.3225899934768677
2,12323,1232306,23,269,5,1.3409299850463867
2,12323,1232307,23,269,4,1.1091300249099731
2,12323,1232308,23,269,4,1.0249300003051758
2,12323,1232309,23,269,4,0.6306549906730652
2,12323,1232310,23,269,4,0.8767319917678833
2,12424,1242401,24,270,5,1.6852099895477295
2,12424,1242402,24,270,4,0.308432012796402
2,12424,1242403,24,270,4,0.5602539777755737
2,12424,1242404,24,270,6,1.167009949684143
2,12424,1242405,24,270,6,0.3884980082511902
2,12424,1242406,24,270,5,0.08491680026054382
2,12424,1242407,24,270,4,-0.17506399750709534
2,12424,1242408,24,270,6,-1.111240029335022
2,12424,1242409,24,270,6,0.4818490147590637
2,12424,1242410,24,270,8,0.73614501953125
2,12525,1252501,25,271,6,-1.0592800378799438
2,12525,1252502,25,271,4,0.14145199954509735
2,12525,1252503,25,271,4,0.25864100456237793
2,12525,1252504,25,271,5,0.24531300365924835
2,12525,1252505,25,271,6,0.46135300397872925
2,12525,1252506,25,271,4,0.971530020236969
2,12525,1252507,25,271,4,1.1739100217819214
2,12525,1252508,25,271,4,-0.023253699764609337
2,12525,1252509,25,271,5,-0.06380680203437805
2,12525,1252510,25,271,4,-1.0803200006484985
2,12626,1262601,26,272,6,-0.16355900466442108
2,12626,1262602,26,272,5,0.532293975353241
2,12626,1262603,26,272,6,-0.31472501158714294
2,12626,1262604,26,272,4,0.6730949878692627
2,12626,1262605,26,272,4,0.2024639993906021
2,12626,1262606,26,272,4,1.5924400091171265
2,12626,1262607,26,272,4,-0.017918400466442108
2,12626,1262608,26,272,4,0.8745729923248291
2,12626,1262609,26,272,4,-0.5839290022850037
2,12626,1262610,26,272,4,0.9101099967956543
2,12727,1272701,27,273,4,-1.4521700143814087
2,12727,1272702,27,273,4,-1.3119800090789795
2,12727,1272703,27,273,4,0.5442889928817749
2,12727,1272704,27,273,4,0.25224798917770386
2,12727,1272705,27,273,4,0.29122599959373474
2,12727,1272706,27,273,4,0.13564999401569366
2,12727,1272707,27,273,5,1.3136600255966187
2,12727,1272708,27,273,4,0.29354798793792725
2,12727,1272709,27,273,8,-0.4636940062046051
2,12727,1272710,27,273,4,0.15276700258255005
2,110101,11010101,1,274,6,-0.8776689767837524
2,110101,11010102,1,274,4,-0.14660100638866425
2,110101,11010103,1,274,4,0.4363130033016205
2,110101,11010104,1,274,4,0.25715601444244385
2,110101,11010105,1,274,6,0.4831329882144928
2,110101,11010106,1,274,4,0.36034300923347473
2,110101,11010107,1,274,6,-0.19959400594234467
2,110101,11010108,1,274,6,0.004043050110340118
2,110202,11020201,2,275,4,0.2643049955368042
2,110202,11020202,2,275,4,0.6207680106163025
2,110202,11020203,2,275,4,-0.49512800574302673
2,110202,11020204,2,275,4,-0.35431501269340515
2,110202,11020205,2,275,4,0.6199939846992493
2,110202,11020206,2,275,4,0.00929277017712593
2,110202,11020207,2,275,4,0.6240469813346863
2,110202,11020208,2,275,4,0.3975600004196167
2,110202,11020209,2,275,4,0.17947499454021454
2,110202,11020210,2,275,4,-0.10491999983787537
2,110303,11030301,3,276,4,0.11581700295209885
2,110303,11030302,3,276,4,-0.8186720013618469
2,110303,11030303,3,276,4,-0.43098899722099304
2,110303,11030304,3,276,4,0.6094849705696106
2,110303,11030305,3,276,4,0.4951080083847046
2,110303,11030306,3,276,NA,0.46500900387763977
2,110303,11030307,3,276,4,0.7056679725646973
2,110303,11030308,3,276,4,-0.390392005443573
2,110404,11040401,4,277,4,0.011947100050747395
2,110404,11040402,4,277,4,-0.07073520123958588
2,110404,11040403,4,277,4,0.3368009924888611
2,110404,11040404,4,277,4,0.29943299293518066
2,110404,11040405,4,277,5,0.923570990562439
2,110404,11040406,4,277,4,0.6306359767913818
2,110404,11040407,4,277,4,0.44303399324417114
2,110404,11040408,4,277,4,0.46158599853515625
2,110404,11040409,4,277,4,0.26214599609375
2,110404,11040410,4,277,4,-0.3690280020236969
2,110505,11050501,5,278,6,-1.0405499935150146
2,110505,11050502,5,278,NA,-4.329020023345947
2,110505,11050503,5,278,5,0.3929469883441925
2,110505,11050504,5,278,5,-0.4250729978084564
2,110505,11050505,5,278,6,-1.6117199659347534
2,110505,11050506,5,278,4,-1.2036399841308594
2,110505,11050507,5,278,4,0.7630159854888916
2,110505,11050508,5,278,4,0.6353999972343445
2,110505,11050509,5,278,4,0.8032670021057129
2,110505,11050510,5,278,4,0.037042099982500076
2,110606,11060601,6,279,4,-0.7865269780158997
2,110606,11060602,6,279,5,-0.5856590270996094
2,110606,11060603,6,279,6,0.31678301095962524
2,110606,11060604,6,279,6,-0.5287700295448303
2,110606,11060605,6,279,5,-0.10803599655628204
2,110606,11060606,6,279,5,-0.3657810091972351
2,110606,11060607,6,279,6,0.14090000092983246
2,110606,11060608,6,279,4,0.9315950274467468
2,110606,11060609,6,279,6,0.6610999703407288
2,110606,11060610,6,279,6,-0.9271450042724609
2,110707,11070701,7,280,6,-0.14220699667930603
2,110707,11070702,7,280,4,-1.1312600374221802
2,110707,11070703,7,280,4,0.16319400072097778
2,110707,11070704,7,280,4,0.47863298654556274
2,110707,11070705,7,280,4,-0.09469050168991089
2,110707,11070706,7,280,4,-1.4254300594329834
2,110707,11070707,7,280,6,0.7742869853973389
2,110707,11070708,7,280,4,-0.9133380055427551
2,110707,11070709,7,280,4,0.0845412015914917
2,110707,11070710,7,280,4,-0.19975000619888306
2,110808,11080801,8,281,4,0.6191700100898743
2,110808,11080802,8,281,4,0.3900650143623352
2,110808,11080803,8,281,4,-1.4845600128173828
2,110808,11080804,8,281,4,0.7504609823226929
2,110808,11080805,8,281,4,0.37689998745918274
2,110808,11080806,8,281,4,-1.4001599550247192
2,110808,11080807,8,281,4,-0.24473300576210022
2,110808,11080808,8,281,4,0.7471010088920593
2,110808,11080809,8,281,4,0.9723860025405884
2,110808,11080810,8,281,4,0.6667519807815552
2,110808,11080811,8,281,4,-0.370261013507843
2,110909,11090901,9,282,4,-0.5283420085906982
2,110909,11090902,9,282,4,0.4485839903354645
2,110909,11090903,9,282,4,-0.023351900279521942
2,110909,11090904,9,282,4,0.2501010000705719
2,110909,11090905,9,282,4,-0.15483200550079346
2,110909,11090906,9,282,5,-0.4654169976711273
2,110909,11090907,9,282,6,1.3569200038909912
2,110909,11090908,9,282,4,0.5291979908943176
2,110909,11090909,9,282,4,1.0151400566101074
2,110909,11090910,9,282,4,-0.39548298716545105
2,110909,11090911,9,282,4,-1.3575600385665894
2,111010,11101001,10,283,4,-1.1986299753189087
2,111010,11101002,10,283,6,1.2292900085449219
2,111010,11101003,10,283,4,1.111930012702942
2,111010,11101004,10,283,6,-1.0862699747085571
2,111010,11101005,10,283,4,-0.001935380045324564
2,111010,11101006,10,283,4,0.24478399753570557
2,520101,52010101,1,284,6,0.34610798954963684
2,520101,52010102,1,284,6,-0.7960669994354248
2,520101,52010103,1,284,7,1.022130012512207
2,520101,52010104,1,284,6,0.8341590166091919
2,520101,52010105,1,284,4,0.7842050194740295
2,520101,52010106,1,284,6,0.9616119861602783
2,520101,52010107,1,284,4,0.8821189999580383
2,520101,52010108,1,284,6,0.5128049850463867
2,520101,52010109,1,284,6,-0.39861100912094116
2,520101,52010110,1,284,8,0.11302600055932999
2,520202,52020201,2,285,6,-0.9076560139656067
2,520202,52020202,2,285,4,0.22669799625873566
2,520202,52020203,2,285,4,1.0560599565505981
2,520202,52020204,2,285,4,-0.11659099906682968
2,520202,52020205,2,285,4,0.2950960099697113
2,520202,52020206,2,285,6,0.7306259870529175
2,520202,52020207,2,285,4,0.5416210293769836
2,520202,52020208,2,285,4,-0.15604500472545624
2,520303,52030301,3,286,6,-1.4056199789047241
2,520303,52030302,3,286,6,1.4521199464797974
2,520303,52030303,3,286,5,0.27876099944114685
2,520303,52030304,3,286,6,0.39087098836898804
2,520303,52030305,3,286,6,0.6146889925003052
2,520303,52030306,3,286,4,1.032230019569397
2,520303,52030307,3,286,6,0.7077760100364685
2,520303,52030308,3,286,6,1.9598400592803955
2,520303,52030309,3,286,6,0.615759015083313
2,520303,52030310,3,286,6,1.8164700269699097
2,520404,52040401,4,287,4,-1.0710699558258057
2,520404,52040402,4,287,4,-0.15910600125789642
2,520404,52040403,4,287,6,0.34233200550079346
2,520404,52040404,4,287,4,0.16226400434970856
2,520404,52040405,4,287,6,-0.1667490005493164
2,520404,52040406,4,287,5,0.29723599553108215
2,520404,52040407,4,287,6,0.7166550159454346
2,520404,52040408,4,287,5,0.5172539949417114
2,520404,52040409,4,287,4,0.42680400609970093
2,520505,52050501,5,288,4,-0.029491199180483818
2,520505,52050502,5,288,6,-1.5970499515533447
2,520505,52050503,5,288,6,0.504800021648407
2,520505,52050504,5,288,4,-1.2339500188827515
2,520505,52050505,5,288,5,-0.2332870066165924
2,520505,52050506,5,288,6,0.9050689935684204
2,520505,52050507,5,288,6,0.5371209979057312
2,520606,52060601,6,289,6,-0.6838060021400452
2,520606,52060602,6,289,4,-0.030477400869131088
2,520606,52060603,6,289,4,-0.3240950107574463
2,520606,52060604,6,289,4,0.6616290211677551
2,520606,52060605,6,289,6,0.4936929941177368
2,520606,52060606,6,289,4,-0.7370700240135193
2,520606,52060607,6,289,6,0.12936100363731384
2,520606,52060608,6,289,6,-4.99547004699707
2,520707,52070701,7,290,6,-0.19491900503635406
2,520707,52070702,7,290,6,0.3637849986553192
2,520707,52070703,7,290,6,-0.3158769905567169
2,520707,52070704,7,290,6,0.4203279912471771
2,520707,52070705,7,290,6,0.036208800971508026
2,520707,52070706,7,290,8,0.4001150131225586
2,520707,52070707,7,290,6,-0.7173479795455933
2,520707,52070708,7,290,6,0.475475013256073
2,520707,52070709,7,290,6,1.0113500356674194
2,520707,52070710,7,290,4,0.7084180116653442
2,520808,52080801,8,291,6,-0.25917500257492065
2,520808,52080802,8,291,6,-0.5976030230522156
2,520808,52080803,8,291,8,0.5904039740562439
2,520808,52080804,8,291,6,0.24149300158023834
2,520808,52080805,8,291,6,1.0786399841308594
2,520808,52080806,8,291,6,0.18039299547672272
2,520808,52080807,8,291,6,0.6680539846420288
2,520808,52080808,8,291,7,0.5954449772834778
2,520808,52080809,8,291,6,0.35477399826049805
2,520808,52080810,8,291,6,0.755653977394104
2,520909,52090901,9,292,4,-0.8350970149040222
2,520909,52090902,9,292,4,-1.0786700248718262
2,520909,52090903,9,292,4,-0.5078150033950806
2,520909,52090904,9,292,6,0.6802129745483398
2,520909,52090905,9,292,4,0.6546750068664551
2,520909,52090906,9,292,4,0.45255500078201294
2,520909,52090907,9,292,4,0.20402400195598602
2,520909,52090908,9,292,6,-0.08972880244255066
2,520909,52090909,9,292,6,0.6628000140190125
2,520909,52090910,9,292,6,-0.08084479719400406
2,521010,52101001,10,293,6,-0.1311500072479248
2,521010,52101002,10,293,6,0.4678089916706085
2,521010,52101003,10,293,4,-0.023576699197292328
2,521010,52101004,10,293,4,-0.3725009858608246
2,521010,52101005,10,293,6,0.26664599776268005
2,521010,52101006,10,293,6,1.178920030593872
2,521010,52101007,10,293,6,1.2604800462722778
2,521010,52101008,10,293,5,0.7509899735450745
2,521010,52101009,10,293,6,0.2841910123825073
2,521010,52101010,10,293,5,0.7788500189781189
2,521111,52111101,11,294,4,-0.032394301146268845
2,521111,52111102,11,294,4,1.1702100038528442
2,521111,52111103,11,294,6,0.9385799765586853
2,521111,52111104,11,294,4,0.7599200010299683
2,521111,52111105,11,294,6,0.7674660086631775
2,521111,52111106,11,294,4,0.3278209865093231
2,521111,52111107,11,294,6,-0.17420099675655365
2,521111,52111108,11,294,4,0.36642199754714966
2,521111,52111109,11,294,6,-0.6943659782409668
2,660101,66010101,1,295,4,-0.9341809749603271
2,660101,66010102,1,295,6,-0.09063780307769775
2,660101,66010103,1,295,6,0.7880250215530396
2,660101,66010104,1,295,6,0.5609470009803772
2,660101,66010105,1,295,4,0.7215009927749634
2,660101,66010106,1,295,6,0.7104949951171875
2,660101,66010107,1,295,6,1.5692800283432007
2,660101,66010108,1,295,4,0.23726999759674072
2,660101,66010109,1,295,4,0.18501299619674683
2,660101,66010110,1,295,4,1.2277899980545044
2,660202,66020201,2,296,6,-2.159640073776245
2,660202,66020202,2,296,4,-2.0959300994873047
2,660202,66020203,2,296,6,-1.6871600151062012
2,660202,66020204,2,296,5,-0.3204199969768524
2,660202,66020205,2,296,5,-0.7067180275917053
2,660202,66020206,2,296,5,0.06661280244588852
2,660202,66020207,2,296,6,0.3253859877586365
2,660202,66020208,2,296,4,0.5538600087165833
2,660202,66020209,2,296,6,0.4827359914779663
2,660202,66020210,2,296,6,1.3054699897766113
2,660303,66030301,3,297,4,0.5349820256233215
2,660303,66030302,3,297,5,-1.4229600429534912
2,660303,66030303,3,297,5,0.09362539649009705
2,660303,66030304,3,297,6,1.1732200384140015
2,660303,66030305,3,297,4,0.08459450304508209
2,660303,66030306,3,297,6,0.32600799202919006
2,660303,66030307,3,297,6,0.2980479896068573
2,660303,66030308,3,297,6,0.9165040254592896
2,660303,66030309,3,297,4,1.3458800315856934
2,660303,66030310,3,297,6,0.5760369896888733
2,660404,66040401,4,298,4,-0.6617929935455322
2,660404,66040402,4,298,4,-1.137719988822937
2,660404,66040403,4,298,6,-0.15501399338245392
2,660404,66040404,4,298,6,-0.40876200795173645
2,660404,66040405,4,298,6,-0.2986389994621277
2,660404,66040406,4,298,6,-0.9599630236625671
2,660404,66040407,4,298,6,0.7899379730224609
2,660404,66040408,4,298,4,1.2818299531936646
2,660404,66040409,4,298,4,0.7780759930610657
2,660404,66040410,4,298,4,-0.5520169734954834
2,660606,66060601,6,299,4,-0.7525380253791809
2,660606,66060602,6,299,6,-0.3404569923877716
2,660606,66060603,6,299,6,-0.21942900121212006
2,660606,66060604,6,299,4,-0.383558988571167
2,660606,66060605,6,299,6,-0.10145200043916702
2,660606,66060606,6,299,6,0.3920289874076843
2,660606,66060607,6,299,4,0.31775200366973877
2,660606,66060608,6,299,6,0.6312969923019409
2,660606,66060609,6,299,4,0.33330899477005005
2,660606,66060610,6,299,4,-1.1137499809265137
2,660707,66070701,7,300,4,-0.9899500012397766
2,660707,66070702,7,300,4,-0.5219169855117798
2,660707,66070703,7,300,6,-0.026237400248646736
2,660707,66070704,7,300,5,1.0275100469589233
2,660707,66070705,7,300,4,-0.915893018245697
2,660707,66070706,7,300,5,-0.2769019901752472
2,660707,66070707,7,300,7,-2.530019998550415
2,660707,66070708,7,300,5,-1.1632200479507446
2,660707,66070709,7,300,4,-0.3509860038757324
2,660707,66070710,7,300,6,-0.9663569927215576
2,660808,66080801,8,301,4,-1.135740041732788
2,660808,66080802,8,301,4,-0.7847149968147278
2,660808,66080803,8,301,6,-1.2429300546646118
2,660808,66080804,8,301,4,-0.9882699847221375
2,660808,66080805,8,301,6,-0.6415600180625916
2,660808,66080806,8,301,5,-0.3990580141544342
2,660808,66080807,8,301,6,-0.19252699613571167
2,660808,66080808,8,301,4,-0.4104419946670532
2,660808,66080809,8,301,6,-0.0704742968082428
2,660808,66080810,8,301,6,-1.1048200130462646
2,660909,66090901,9,302,4,-0.3370969891548157
2,660909,66090902,9,302,4,-0.43896201252937317
2,660909,66090903,9,302,4,-0.16056400537490845
2,660909,66090904,9,302,6,-0.9727010130882263
2,660909,66090905,9,302,4,0.4610069990158081
2,660909,66090906,9,302,6,0.36684998869895935
2,660909,66090907,9,302,6,0.2898919880390167
2,660909,66090908,9,302,6,0.4613020122051239
2,660909,66090909,9,302,4,0.07564990222454071
2,660909,66090910,9,302,4,-0.9387940168380737
2,661010,66101001,10,303,6,-1.4572099447250366
2,661010,66101002,10,303,4,-0.06231389939785004
2,661010,66101003,10,303,4,-0.1146320030093193
2,661010,66101004,10,303,4,-0.3870129883289337
2,661010,66101005,10,303,4,-1.266950011253357
2,661010,66101006,10,303,4,-0.41737601161003113
2,661010,66101007,10,303,4,-1.6912100315093994
2,661010,66101008,10,303,6,-0.5796809792518616
2,661010,66101009,10,303,4,-0.9748089909553528
2,661010,66101010,10,303,4,-0.141867995262146
2,661111,66111101,11,304,6,-0.05028710141777992
2,661111,66111102,11,304,4,-0.5406330227851868
2,661111,66111103,11,304,6,-0.48763298988342285
2,661111,66111104,11,304,4,0.14709599316120148
2,661111,66111105,11,304,5,-1.0261499881744385
2,661111,66111106,11,304,4,-0.7780759930610657
2,661111,66111107,11,304,6,0.1654919981956482
2,661111,66111108,11,304,6,-0.4586850106716156
2,661111,66111109,11,304,4,-0.7723429799079895
2,661111,66111110,11,304,4,-1.2224299907684326
2,750101,75010101,1,305,6,0.23346200585365295
2,750101,75010102,1,305,4,0.9958969950675964
2,750101,75010103,1,305,4,0.30041301250457764
2,750101,75010104,1,305,6,0.26386499404907227
2,750101,75010105,1,305,6,0.5549179911613464
2,750101,75010106,1,305,4,1.309440016746521
2,750101,75010110,1,305,4,0.6205229759216309
2,750101,75010111,1,305,6,-0.8320320248603821
2,750101,75010112,1,305,6,0.8568459749221802
2,750101,75010113,1,305,4,-0.27636900544166565
2,750202,75020201,2,306,6,-1.0088000297546387
2,750202,75020202,2,306,4,-1.0886399745941162
2,750202,75020203,2,306,6,0.5958420038223267
2,750202,75020204,2,306,6,0.3584800064563751
2,750202,75020205,2,306,6,0.5770249962806702
2,750202,75020206,2,306,6,0.8872100114822388
2,750202,75020207,2,306,4,-0.20654000341892242
2,750202,75020208,2,306,5,0.39452698826789856
2,750202,75020209,2,306,4,0.7840420007705688
2,750202,75020210,2,306,6,0.5395439863204956
2,750202,75020211,2,306,4,-0.6058599948883057
2,750202,75020212,2,306,4,-0.8299750089645386
2,750303,75030301,3,307,6,-0.6698979735374451
2,750303,75030302,3,307,6,0.8393830060958862
2,750303,75030303,3,307,4,-1.0284700393676758
2,750303,75030304,3,307,4,-0.8426929712295532
2,750303,75030305,3,307,4,0.5139750242233276
2,750303,75030306,3,307,5,0.13273599743843079
2,750303,75030307,3,307,NA,0.4718810021877289
2,750303,75030308,3,307,4,0.5695809721946716
2,750303,75030309,3,307,6,-0.045939698815345764
2,750303,75030310,3,307,4,0.06041929870843887
2,750404,75040401,4,308,4,-0.6925029754638672
2,750404,75040402,4,308,4,-0.27106401324272156
2,750404,75040403,4,308,6,0.2739270031452179
2,750404,75040404,4,308,6,-1.3877099752426147
2,750404,75040405,4,308,4,-0.15818500518798828
2,750404,75040406,4,308,4,-1.2343499660491943
2,750404,75040407,4,308,5,-0.6979900002479553
2,750404,75040408,4,308,4,-0.5294119715690613
2,750404,75040409,4,308,6,0.6150040030479431
2,750404,75040410,4,308,4,-0.759227991104126
2,750505,75050501,5,309,6,-0.02337919920682907
2,750505,75050502,5,309,5,-0.8045690059661865
2,750505,75050503,5,309,4,-0.07668379694223404
2,750505,75050504,5,309,5,-1.0825899839401245
2,750505,75050505,5,309,5,-1.6751600503921509
2,750505,75050506,5,309,4,0.5633379817008972
2,750505,75050507,5,309,4,0.7710899710655212
2,750505,75050508,5,309,4,-0.23023399710655212
2,750505,75050509,5,309,4,-0.08830390125513077
2,750505,75050510,5,309,5,-0.5960749983787537
2,750606,75060601,6,310,4,0.03269730135798454
2,750606,75060602,6,310,5,0.05005760118365288
2,750606,75060603,6,310,5,0.2947379946708679
2,750606,75060604,6,310,5,0.4843659996986389
2,750606,75060605,6,310,NA,0.33579400181770325
2,750606,75060606,6,310,4,-0.08013779670000076
2,750606,75060607,6,310,4,-0.6743469834327698
2,750606,75060608,6,310,4,0.9690759778022766
2,750606,75060609,6,310,4,0.14009200036525726
2,750606,75060610,6,310,4,-0.37011000514030457
2,750606,75060611,6,310,4,0.2385610044002533
2,750707,75070701,7,311,6,-0.1506900042295456
2,750707,75070702,7,311,6,-0.8376830220222473
2,750707,75070703,7,311,4,-0.9473270177841187
2,750707,75070704,7,311,6,-1.1272399425506592
2,750707,75070705,7,311,5,0.5856789946556091
2,750707,75070706,7,311,6,-0.6735230088233948
2,750707,75070707,7,311,4,-0.5794479846954346
2,750707,75070708,7,311,5,0.6905080080032349
2,750707,75070709,7,311,4,0.006506349891424179
2,750707,75070710,7,311,5,0.20824000239372253
2,750808,75080801,8,312,4,0.18252700567245483
2,750808,75080802,8,312,4,-0.3457620143890381
2,750808,75080803,8,312,4,0.5871260166168213
2,750808,75080804,8,312,5,-0.35460999608039856
2,750808,75080805,8,312,4,0.6130279898643494
2,750808,75080806,8,312,6,1.1509599685668945
2,750808,75080807,8,312,6,0.2069759964942932
2,750808,75080808,8,312,4,-0.09084329754114151
2,750808,75080809,8,312,6,-0.48232799768447876
2,750808,75080810,8,312,6,-0.8766499757766724
2,750909,75090901,9,313,7,-0.6204410195350647
2,750909,75090902,9,313,6,-0.4153189957141876
2,750909,75090903,9,313,6,-0.8631389737129211
2,750909,75090904,9,313,6,-0.40928998589515686
2,750909,75090905,9,313,6,-0.9460430145263672
2,750909,75090906,9,313,4,-0.6375390291213989
2,750909,75090907,9,313,6,1.1754599809646606
2,750909,75090908,9,313,6,-0.19377200305461884
2,750909,75090909,9,313,8,0.5684289932250977
2,750909,75090910,9,313,4,0.47313401103019714
2,870101,87010101,1,314,4,0.2359980046749115
2,870101,87010102,1,314,6,0.606715977191925
2,870101,87010103,1,314,6,0.41885000467300415
2,870101,87010104,1,314,8,0.7941039800643921
2,870101,87010105,1,314,4,0.9327970147132874
2,870101,87010106,1,314,4,0.18488100171089172
2,870101,87010107,1,314,4,1.1791399717330933
2,870101,87010108,1,314,4,0.5087710022926331
2,870101,87010109,1,314,6,0.08080630004405975
2,870101,87010110,1,314,4,-1.607319951057434
2,870101,87010111,1,314,4,-0.3167949914932251
2,870202,87020201,2,315,6,-0.42531800270080566
2,870202,87020202,2,315,8,0.10568500310182571
2,870202,87020203,2,315,4,-0.9027789831161499
2,870202,87020204,2,315,5,0.5399600267410278
2,870202,87020205,2,315,6,0.1605450063943863
2,870202,87020206,2,315,NA,0.48262301087379456
2,870202,87020207,2,315,4,-0.4132300019264221
2,870202,87020208,2,315,4,0.5954949855804443
2,870202,87020209,2,315,6,0.6429449915885925
2,870202,87020210,2,315,6,0.4784190058708191
2,870303,87030301,3,316,7,-0.012736800126731396
2,870303,87030302,3,316,4,0.02141460031270981
2,870303,87030303,3,316,8,0.8127570152282715
2,870303,87030304,3,316,4,1.430899977684021
2,870303,87030305,3,316,4,0.7839409708976746
2,870303,87030306,3,316,6,0.8268790245056152
2,870303,87030307,3,316,4,0.3002380132675171
2,870303,87030308,3,316,4,-0.5092809796333313
2,870303,87030309,3,316,4,0.2407120019197464
2,870303,87030310,3,316,4,-0.7279070019721985
2,870404,87040401,4,317,4,0.028735799714922905
2,870404,87040402,4,317,6,-0.33556801080703735
2,870404,87040403,4,317,6,-0.22528299689292908
2,870404,87040404,4,317,4,-0.8091009855270386
2,870404,87040405,4,317,4,-0.282723993062973
2,870404,87040406,4,317,6,0.7007399797439575
2,870404,87040407,4,317,6,0.6906589865684509
2,870404,87040408,4,317,4,-0.17897699773311615
2,870404,87040409,4,317,6,0.5672399997711182
2,870404,87040410,4,317,6,0.4740400016307831
2,870505,87050501,5,318,5,-0.27228501439094543
2,870505,87050502,5,318,4,0.060556501150131226
2,870505,87050503,5,318,6,0.31468701362609863
2,870505,87050504,5,318,6,0.7605810165405273
2,870505,87050505,5,318,6,0.7632489800453186
2,870505,87050506,5,318,4,0.03682219982147217
2,870505,87050507,5,318,4,-0.947163999080658
2,870606,87060601,6,319,4,-0.5784289836883545
2,870606,87060602,6,319,4,0.11681400239467621
2,870606,87060603,6,319,6,0.4964810013771057
2,870606,87060604,6,319,4,-0.12061399966478348
2,870606,87060605,6,319,5,-0.05870550125837326
2,870606,87060606,6,319,4,-0.2025579959154129
2,870606,87060607,6,319,4,0.3634589910507202
2,870606,87060608,6,319,4,1.125
2,870606,87060609,6,319,4,0.45581498742103577
2,870606,87060610,6,319,5,0.2974179983139038
2,870707,87070701,7,320,4,-0.582381010055542
2,870707,87070702,7,320,6,-0.19639700651168823
2,870707,87070703,7,320,5,-0.8668959736824036
2,870707,87070704,7,320,4,0.38756099343299866
2,870707,87070705,7,320,6,-0.6420199871063232
2,870707,87070706,7,320,4,0.44538700580596924
2,870707,87070707,7,320,4,0.04158340021967888
2,870707,87070708,7,320,4,0.10063900053501129
2,870707,87070709,7,320,4,0.4654560089111328
2,870707,87070710,7,320,NA,1.053820013999939
2,870808,87080801,8,321,4,-0.22105899453163147
2,870808,87080802,8,321,4,-0.26037201285362244
2,870808,87080803,8,321,4,0.24896900355815887
2,870808,87080804,8,321,6,0.4152880012989044
2,870808,87080805,8,321,6,0.30832400918006897
2,870808,87080806,8,321,6,-0.11505900323390961
2,870808,87080807,8,321,4,0.6000069975852966
2,870808,87080808,8,321,6,0.18690699338912964
2,870808,87080809,8,321,6,0.3603050112724304
2,870808,87080810,8,321,4,0.7957720160484314
2,870909,87090901,9,322,4,0.0026493798941373825
2,870909,87090902,9,322,4,0.8998460173606873
2,870909,87090903,9,322,6,0.15294499695301056
2,870909,87090904,9,322,4,-0.259427011013031
2,870909,87090905,9,322,4,0.7789000272750854
2,870909,87090906,9,322,5,0.2853809893131256
2,870909,87090907,9,322,6,1.1525599956512451
2,870909,87090908,9,322,6,0.14328399300575256
2,870909,87090909,9,322,4,-0.11191300302743912
2,870909,87090910,9,322,4,-0.703823983669281
2,871010,87101001,10,323,6,0.11322800070047379
2,871010,87101002,10,323,5,-1.423140048980713
2,871010,87101003,10,323,6,0.3471589982509613
2,871010,87101004,10,323,6,-0.13424600660800934
2,871010,87101005,10,323,6,0.062293898314237595
2,871010,87101006,10,323,6,0.6049540042877197
2,871010,87101007,10,323,6,0.2024250030517578
2,871010,87101008,10,323,4,0.4538699984550476
2,871010,87101009,10,323,5,0.9149060249328613
2,871010,87101010,10,323,6,0.6755489706993103
2,871111,87111101,11,324,4,-0.4791310131549835
2,871111,87111102,11,324,6,0.5616390109062195
2,871111,87111103,11,324,6,0.35195401310920715
2,871111,87111104,11,324,6,0.8269100189208984
2,871111,87111105,11,324,6,0.16402600705623627
2,871111,87111106,11,324,6,0.35842999815940857
2,871111,87111107,11,324,6,-0.1789190024137497
2,871111,87111108,11,324,4,-1.294510006904602
2,871111,87111109,11,324,4,-0.8917210102081299
2,871111,87111110,11,324,4,0.3919599950313568
